Address,Pincode,D_date
001 prime plaza sv roadsantacruz west mumbai,400054,03-02-2025
MANISH NAGAR SOC ASSOCIATIONGROUND FLOOR B15 MANISH NAGAR SHOPPING CENTRE CO OP,400053,04-02-2025
PLOT NO 6 KUMAR HARSHAVVARDHAN CHS JUHU VERSOVA LINK ROADANDHERI WEST,400053,04-02-2025
S NO 1 BLDG NO 2 YASHODHAN APT 144 JP ROADCITY MUMBAI ANDHERI  W,400053,04-02-2025
SHOP NO 13 MANISH SHOPPING CENTRE JP RD 4 BUNGLOW ANDHERI WESTCITY MUMBAI,400053,04-02-2025
SHOP NO 6 A GROUND FLRBLDG NO 1 GURU NGR FOUR BUNGLOW ANDHERI W,400053,04-02-2025
SHOP NO 7 BLDG NO 1 4BUNGLOWS GURU NAGAR JP ROAD ANDHERI WEST MUMBAI,400053,04-02-2025
SURYA BUILDING SHOP NO 1 S V ROAD V P ROAD ANDHARI WESTSURYA BUILDING SHOP NO 1 S V ROAD V P ROAD ANDHARI WEST,400053,04-02-2025
UNIT NO 202 MANISH NAGAR SHOPPING CENTER PREMISES JP ROAD MANISH NAGAR NEAR INDIAN OIL ANDHERI WESTMUMBAI,400053,04-02-2025
Shop No B Jay Yashwant Andheri Chs Sv Road Andheri WestMumbai Maharashtra India,400058,04-02-2025
SHOP NO1 PERSIAN CHSLVP ROAD OPP FIDAIBAUG ANDHERI WESTMUMBAI MAHARATSHTRAMUMBAI,400058,04-02-2025
SHOP NO 1 MEERA APT 7 BUNGLOW JUHUVERSOVA LINK ROAD ANDHERI WEST MUMBAI 400061,400061,04-02-2025
SHOP NO 1 MEERA APT 7 BUNGLOW JUHUVERSOVA LINK ROAD ANDHERI WEST MUMBAI 400061,400061,04-02-2025
SHOP NO 1 MEERA APT 7 BUNGLOW JUHUVERSOVA LINK ROAD ANDHERI WEST MUMBAI 400061,400061,04-02-2025
SHOP NO 3 JANAK DEEP APTS 7 BUNGLOWS J P ROAD ANDHERI W Mumbai Mumbai 400061SHOP NO 3 JANAK DEEP APTS 7 BUNGLOWS J P ROAD ANDHERI W Mumbai Mumbai 400061,400061,04-02-2025
LOTUS EYE HOSPITAL 13TH NORTH SOUTH ROADJVPD SCHEME JUHU Mumbai Mumbai 400049,400049,06-02-2025
SHOP NO 34  GRACE APRTNSRD13 JVPD SCHVILE PARLEW,400049,06-02-2025
12 MITHILA NEAR SAHKARI BHANDAR V MROAD JUHU VILE PARLE WEST,400056,06-02-2025
14 BADRUNISA ABDUL MAJIDIRIA SOC RD VILE PARLE W,400056,06-02-2025
401 COSMOS BUILDING ABOVE MILLENNIUMTOYOTA SHOW ROOM SV ROAD VILE PARLE WEST MUMBAI,400056,06-02-2025
S NO 5 8 9 1ST FL 2A 2B GR FL KUNJ VIHARD J RD VILEPARLE W Mumbai Mumbai,400056,06-02-2025
SHOP NO 2 DADI HOUSEIRLA SOC RD VILE PARLE W,400056,06-02-2025
SHOP NO 3 EMPIRE HOUSE SV ROADIRLA VILE PARLE WEST Mumbai Mumbai,400056,06-02-2025
SHOP NO 9 ARIF MANSION IRLA SOCIETY ROAD OPP PRIME MAIRLA VILE PARLE W MUMBAI 400056,400056,06-02-2025
B 103 And C 101 1ST FLOOR KAILASH CHS JUHU CHURCH ROAD JUHUVILE PARLE W,400092,06-02-2025
19 JUHU RUTURAJ CO OP HSG SOCIETYOPP SNDT JUHU ROAD SANTACRUZ W MUMBAI,400049,06-02-2025
19 JUHU RUTURAJ CO OP HSG SOCIETYOPP SNDT JUHU ROAD SANTACRUZ W MUMBAI,400049,06-02-2025
D 2 OM SATYADEEP GULMOHAR CROSS RD 7 AI MODELTOWN JUPD SCHEME ANDHERI W,400049,06-02-2025
D 2 OM SATYADEEP GULMOHAR CROSS RD 7 AI MODELTOWN JUPD SCHEME ANDHERI W,400049,06-02-2025
PLOT U 13 OPP JUHU BUS DEPOT JVPD SCHEME NS ROAD NO 13 JUHU MUMBAI 400049PLOT U 13 OPP JUHU BUS DEPOT JVPD SCHEME NS ROAD NO 13 JUHU MUMBAI 400049,400049,06-02-2025
PLOT U 13 OPP JUHU BUS DEPOT JVPD SCHEME NS ROAD NO 13 JUHU MUMBAI 400049PLOT U 13 OPP JUHU BUS DEPOT JVPD SCHEME NS ROAD NO 13 JUHU MUMBAI 400049,400049,06-02-2025
RUIA PARK MILITARY ROADJUHU,400049,06-02-2025
RUIA PARK MILITARY ROADJUHU,400049,06-02-2025
RUIA PARK MILITARY ROADJUHU,400049,06-02-2025
S NO 12 JAIN SANTOSHI MATA NGR N S RD S JVPD SCHEME VILE PARLE WNR KALI MATA MANDIR,400049,06-02-2025
SHOP NO 5 GROUND FLOOR JUHU VASANT BAHAR CHS LTDJUHU TARA ROAD SANTACRUZ WEST OPP ROYAL HOTEL,400049,06-02-2025
133 S V ROAD IRLA VILLE PARLE MUMBAI CITY,400056,06-02-2025
SHOP NO 01 A GEET GOVIND BUILDING OPP SAMRATTHEATRE S V ROAD GOREGAON WEST MUMBAI,400062,07-02-2025
SHOP NO 01 A GEET GOVIND BUILDING OPP SAMRATTHEATRE S V ROAD GOREGAON WEST MUMBAI,400062,07-02-2025
SHOP NO 01 A GEET GOVIND BUILDING OPP SAMRATTHEATRE S V ROAD GOREGAON WEST MUMBAI,400062,07-02-2025
0 Hotel R K Trisha IndiraNgr Goregaon W,400062,07-02-2025
20 Grampanchayat RoadGoregaon West,400062,07-02-2025
74 JAWAHAR NAGAR ROAD NO 1 GOREGAON WEST74 JAWAHAR NAGAR ROAD NO 1 GOREGAON WEST,400062,07-02-2025
GALA NO 234 KIRAN INDUSTRIAL PREMISES CHS LTD M G ROAD GOREGAON WEST MUMBAI SUBURBAN MUMBAIMUMBAI,400062,07-02-2025
SHOP NO 1 VISHNU SADAN OPP VIJAY SALES GREATER MUMBAI  GOREGAON (WEST) GREATER MUMBAI WARD PS MUMBAIMUMBAI,400062,07-02-2025
SHOP NO 6 AND 7 GUSTIN BUILDING S V ROAD GORE GAON WEST GOREGAON MUMBAICITY MUMBAI,400062,07-02-2025
7 56 57 CCI COLONY UNNAT ROADNear Jain Hospital MG Rd Goregaon West,400104,07-02-2025
159 Reaissance Bldg Next to Sanghavi hospitalLokhandwala market andheri west mumbai,400053,10-02-2025
159 Reaissance Bldg Next to Sanghavi hospitalLokhandwala market andheri west mumbai,400053,10-02-2025
159 Reaissance Bldg Next to Sanghavi hospitalLokhandwala market andheri west mumbai,400053,10-02-2025
159 Reaissance Bldg Next to Sanghavi hospitalLokhandwala market andheri west mumbai,400053,10-02-2025
159 Reaissance Bldg Next to Sanghavi hospitalLokhandwala market andheri west mumbai,400053,10-02-2025
1ST CROSS LANE 75 KAMDHENU APPRTMENT APNA GHAR UNIT NO 14 NEAR DOMINOZ ANDHERI WEST  MUMBA SUBURBANCITY MUMBAI SUBURBAN,400053,10-02-2025
LOKHANDWALA COMPLEX SH NO 7 PREMA BLDG S S RD CROSS RD NO 4ANDHERI WEST MUMBAI SUBURBAN,400053,10-02-2025
shop no 5 plam spring  lokhandwala market lokhandwala complex  andheri west mumbai,400053,10-02-2025
SHOP NO 6 GROUND FLOOR SUNSWEPT CHSLOKHANDWALA COMPLEX ANDHERI W MUMBAI,400053,10-02-2025
SHOP 6 SUNNY SIDE 355 RD 4BUNGLOW LOKHANDWALA CO ANDHERI  WEST,400058,10-02-2025
UNIT NO 611 RELIABLE PRIDE ANAND NAGAR  OPP HEERA PANNA MALLJOGESHWARI WEST 400102,400102,10-02-2025
UNIT NO 611 RELIABLE PRIDE ANAND NAGAR  OPP HEERA PANNA MALLJOGESHWARI WEST 400102,400102,10-02-2025
4 PLOT NO 69 CRYSTAL BLUE PREMISES CHS LTD 16TH ROAD CORNERMUMBAI SUBURBAN,400052,10-02-2025
4 PLOT NO 69 CRYSTAL BLUE PREMISES CHS LTD 16TH ROAD CORNERMUMBAI SUBURBAN,400052,10-02-2025
4 PLOT NO 69 CRYSTAL BLUE PREMISES CHS LTD 16TH ROAD CORNERMUMBAI SUBURBAN,400052,10-02-2025
4 PLOT NO 69 CRYSTAL BLUE PREMISES CHS LTD 16TH ROAD CORNERMUMBAI SUBURBAN,400052,10-02-2025
OFFICE BLD RAMAKRISHNA MISSION12TH ROAD KHAR WEST,400052,10-02-2025
OFFICE BLD RAMAKRISHNA MISSION12TH ROAD KHAR WEST,400052,10-02-2025
2 ND FLOOR UNIT NO 201 202 BENCHMARK PLAZA 33RD ROAD KHAR WEST Mumbai Mumbai 4000522 ND FLOOR UNIT NO 201 202 BENCHMARK PLAZA 33RD ROAD KHAR WEST Mumbai Mumbai 400052,400052,10-02-2025
BASMENT B JAIN ARCADE BUILDING14TH ROAD KHAR WEST,400052,10-02-2025
SHOP NO 1 KHAR LOTIA PALACE CHSL 373 LINKING RD KHAR WENCLAVE IGNOU NEB SARAI NORTH,400052,10-02-2025
SHOP NO 7 AND 8 SWARNA RELHA 499 LINKING RDOPP TELEPHONE EXCHANGE KHAR W MUMBAI,400052,10-02-2025
21 ENCORE LOKHANDWALA COMPLEXANDHERI WEST,400053,10-02-2025
21 ENCORE LOKHANDWALA COMPLEXANDHERI WEST,400053,10-02-2025
9 GR FLOOR SNEHA BLDG B WING APNA GHARUNIT NO 11 CHS LTD LOKHANDWALA COMPLEX ANDHARI WEST,400053,10-02-2025
9 GR FLOOR SNEHA BLDG B WING APNA GHARUNIT NO 11 CHS LTD LOKHANDWALA COMPLEX ANDHARI WEST,400053,10-02-2025
GROUND FLOOR SHOP NO 1 AND 2 PARUL CO OPHOUSING SOCIETY LTD  VEERA DESAI ROSD ANDHERI WEST,400053,10-02-2025
GROUND FLOOR SHOP NO 1 AND 2 PARUL CO OPHOUSING SOCIETY LTD  VEERA DESAI ROSD ANDHERI WEST,400053,10-02-2025
GROUND FLOOR SHOP NO 1 AND 2 PARUL CO OPHOUSING SOCIETY LTD  VEERA DESAI ROSD ANDHERI WEST,400053,10-02-2025
GROUND FLOOR SHOP NO 1 AND 2 PARUL CO OPHOUSING SOCIETY LTD  VEERA DESAI ROSD ANDHERI WEST,400053,10-02-2025
C 09 S NO 101112 NAYANDEEP CHS LTDOSHIWARA LINK ROAD ANDHERI W,400053,10-02-2025
SHOP NO 5 AMEYA HOUSE CHS AZAD NAGAR ANDHERI JP ROAD ANDHERI WEST DISTMUMBAISUBURBAN,400058,11-02-2025
4TH AND 5TH FLOOR  ROHAN PLAZA 5TH ROAD KHAR WESTMUMBAI KHAR WEST MAHARASHTRA,400052,11-02-2025
4TH AND 5TH FLOOR  ROHAN PLAZA 5TH ROAD KHAR WESTMUMBAI KHAR WEST MAHARASHTRA,400052,11-02-2025
4TH AND 5TH FLOOR  ROHAN PLAZA 5TH ROAD KHAR WESTMUMBAI KHAR WEST MAHARASHTRA,400052,11-02-2025
SHOP 5 6 7 8 9 EK DANT CHSL OSHIWARA LINK ROAD MHADALAYOUT ANDHERI WEST Mumbai Mumbai,400053,12-02-2025
SHOP NO 8 BLDG NO B26 WELLINGTON ROADSHASTRI NAGAR ANDHERI WEST,400058,12-02-2025
SHOP NO 8 BLDG NO B26 WELLINGTON ROADSHASTRI NAGAR ANDHERI WEST,400058,12-02-2025
SHOP NO 8 BLDG NO B26 WELLINGTON ROADSHASTRI NAGAR ANDHERI WEST,400058,12-02-2025
