Address,Pincode,D_date,Cleaned Address
1ST FLOOR EDENSQUARE 10TH ROAD JUHU MUMBAIMUMBAI,400049,06-02-2025,1ST FLOOR EDENSQUARE 10TH ROAD JUHU MUMBAIMUMBAI
1ST FLOOR EDENSQUARE 10TH ROAD JUHU MUMBAIMUMBAI,400049,06-02-2025,1ST FLOOR EDENSQUARE 10TH ROAD JUHU MUMBAIMUMBAI
7 MITHILA SHOPPING CENTRE V MEHTA ROADJVPD SCHEME Mumbai Mumbai,400049,06-02-2025,7 MITHILA SHOPPING CENTRE V MEHTA ROADJVPD SCHEME MUMBAI
7 MITHILA SHOPPING CENTRE V MEHTA ROADJVPD SCHEME Mumbai Mumbai,400049,06-02-2025,7 MITHILA SHOPPING CENTRE V MEHTA ROADJVPD SCHEME MUMBAI
S 1 Ground Flr Maharan CHS DEV Maharan Junction of Samarth Ramdas Roadand Gulmohar Cross Road no 12 JVPD Scheme Vileparle West Mumbai,400049,06-02-2025,S 1 GROUND Floor MAHARAN CHS DEV MAHARAN JUNCTION OF SAMARTH RAMDAS ROADAND GULMOHAR CROSS ROAD NO 12 JVPD SCHEME VILEPARLE WEST MUMBAI
S 1 Ground Flr Maharan CHS DEV Maharan Junction of Samarth Ramdas Roadand Gulmohar Cross Road no 12 JVPD Scheme Vileparle West Mumbai,400049,06-02-2025,S 1 GROUND Floor MAHARAN CHS DEV MAHARAN JUNCTION OF SAMARTH RAMDAS ROADAND GULMOHAR CROSS ROAD NO 12 JVPD SCHEME VILEPARLE WEST MUMBAI
SHOP NO 6 JUHU SUPREME SHOPPING CENTREOFF GULMOHAR CROSS RD 9 Mumbai Mumbai 400049,400049,06-02-2025,SHOP NO 6 JUHU SUPREME SHOPPING CENTREOFF GULMOHAR CROSS Road 9 MUMBAI 400049
SHOP NO 6 JUHU SUPREME SHOPPING CENTREOFF GULMOHAR CROSS RD 9 Mumbai Mumbai 400049,400049,06-02-2025,SHOP NO 6 JUHU SUPREME SHOPPING CENTREOFF GULMOHAR CROSS Road 9 MUMBAI 400049
SHOP NO 6 JUHU SUPREME SHOPPING CENTREOFF GULMOHAR CROSS RD 9 Mumbai Mumbai 400049,400049,06-02-2025,SHOP NO 6 JUHU SUPREME SHOPPING CENTREOFF GULMOHAR CROSS Road 9 MUMBAI 400049
7 MITHILA SHOPPING CENTRE VMEHTA ROAD JVPD SCHEME Mumbai Mumbai,400049,06-02-2025,7 MITHILA SHOPPING CENTRE VMEHTA ROAD JVPD SCHEME MUMBAI
FLAT NO 2 1ST AND 2ND FLOOR SAHAKAR 34 NUTAN LAXMI CHS LTD 10TH ROAD JVPD SCHEME VILE PARLE WEST MUMFLAT NO 2 1ST AND 2ND FLOOR SAHAKAR 34 NUTAN LAXMI CHS LTD 10TH ROAD JVPD SCHEME VILE PARLE WEST MUM,400049,06-02-2025,FLAT NO 2 1ST AND 2ND FLOOR SAHAKAR 34 NUTAN LAXMI CHS LTD 10TH ROAD JVPD SCHEME VILE PARLE WEST MUMFLAT NO 2 1ST AND 2ND FLOOR SAHAKAR 34 NUTAN LAXMI CHS LTD 10TH ROAD JVPD SCHEME VILE PARLE WEST MUM
LOTUS EYE HOSPITAL 13TH NORTH SOUTH ROADJVPD SCHEME JUHU Mumbai Mumbai 400049,400049,06-02-2025,LOTUS EYE HOSPITAL 13TH NORTH SOUTH ROADJVPD SCHEME JUHU MUMBAI 400049
SHOP NO 34  GRACE APRTNSRD13 JVPD SCHVILE PARLEW,400049,06-02-2025,SHOP NO 34 GRACE APRTNSRD13 JVPD SCHVILE PARLEW
159 Reaissance Bldg Next to Sanghavi hospitalLokhandwala market andheri west mumbai,400053,10-02-2025,159 REAISSANCE Building NEXT TO SANGHAVI HOSPITALLOKHANDWALA MARKET ANDHERI WEST MUMBAI
159 Reaissance Bldg Next to Sanghavi hospitalLokhandwala market andheri west mumbai,400053,10-02-2025,159 REAISSANCE Building NEXT TO SANGHAVI HOSPITALLOKHANDWALA MARKET ANDHERI WEST MUMBAI
159 Reaissance Bldg Next to Sanghavi hospitalLokhandwala market andheri west mumbai,400053,10-02-2025,159 REAISSANCE Building NEXT TO SANGHAVI HOSPITALLOKHANDWALA MARKET ANDHERI WEST MUMBAI
159 Reaissance Bldg Next to Sanghavi hospitalLokhandwala market andheri west mumbai,400053,10-02-2025,159 REAISSANCE Building NEXT TO SANGHAVI HOSPITALLOKHANDWALA MARKET ANDHERI WEST MUMBAI
159 Reaissance Bldg Next to Sanghavi hospitalLokhandwala market andheri west mumbai,400053,10-02-2025,159 REAISSANCE Building NEXT TO SANGHAVI HOSPITALLOKHANDWALA MARKET ANDHERI WEST MUMBAI
No 41 Beside Paradise Heights Near Millat Nagar gate no 4opp BMC Garden side gate Oshiwara Andheri West Mumbai,400053,12-02-2025,NO 41 BESIDE PARADISE HEIGHTS NEAR MILLAT NAGAR GATE NO 4OPP BMC GARDEN SIDE GATE OSHIWARA ANDHERI WEST MUMBAI
11 SHAH INDUSTRIAL ESTATE LINK ROAD OPP LAXMI INDUSTRIAL ESTATE ANDHERI WEST11 SHAH INDUSTRIAL ESTATE LINK ROAD OPP LAXMI INDUSTRIAL ESTATE ANDHERI WEST,400053,12-02-2025,11 SHAH INDUSTRIAL ESTATE LINK ROAD OPP LAXMI INDUSTRIAL ESTATE ANDHERI WEST11 SHAH INDUSTRIAL ESTATE LINK ROAD OPP LAXMI INDUSTRIAL ESTATE ANDHERI WEST
1ST CROSS LANE 75 KAMDHENU APPRTMENT APNA GHAR UNIT NO 14 NEAR DOMINOZ ANDHERI WEST  MUMBA SUBURBANCITY MUMBAI SUBURBAN,400053,10-02-2025,1ST CROSS LANE 75 KAMDHENU APPRTMENT APNA GHAR UNIT NO 14 NEAR DOMINOZ ANDHERI WEST MUMBA SUBURBANCITY MUMBAI SUBURBAN
24 27 DRS CORNER 1ST FLOOR SITLADEVI CHS D NNAGAR OPP INDIAN COLONY ANDHERI WEST,400053,04-02-2025,24 27 DRS CORNER 1ST FLOOR SITLADEVI CHS D NNAGAR OPP INDIAN COLONY ANDHERI WEST
26 26 MANISH SUNFLOWER SHOP NO 4 OPP ST LOUICECONVENT SCHOOL 4 BUNGLOWS ANDHERI WEST,400053,04-02-2025,26 MANISH SUNFLOWER SHOP NO 4 OPP ST LOUICECONVENT SCHOOL 4 BUNGLOWS ANDHERI WEST
A4 TO 9 GR FLR ROYAL SAND NEW LINK RD ANDHERI W Mumbai MumbaiA4 TO 9 GR FLR ROYAL SAND NEW LINK RD ANDHERI W Mumbai Mumbai,400053,12-02-2025,A4 TO 9 GR Floor ROYAL SAND NEW LINK Road ANDHERI W MUMBAI MUMBAIA4 TO 9 GR Floor ROYAL SAND NEW LINK Road ANDHERI W MUMBAI
BLDG NO 8 GANESH RESTAURANTD N NGR ANDHERI W OPP DN NGR VARSOVA POLICE STN Mumbai Mumbai,400053,04-02-2025,Building NO 8 GANESH RESTAURANTD N Nagar ANDHERI W OPP DN Nagar VARSOVA POLICE STN MUMBAI
GROUND FLOOR SHOP NO 1 SHUBHAM CHSJUHU VARSOVA LINK ROAD ANDHERI WEST,400053,04-02-2025,GROUND FLOOR SHOP NO 1 SHUBHAM CHSJUHU VARSOVA LINK ROAD ANDHERI WEST
LINK RDPHASE D OSHIWARA INFINITI MALL LOKHANDWALAGROUND FLOORUNIT NO009ANDHERI WEST MUMBAI,400053,12-02-2025,LINK RDPHASE D OSHIWARA INFINITI MALL LOKHANDWALAGROUND FLOORUNIT NO009ANDHERI WEST MUMBAI
LOKHANDWALA COMPLEX SH NO 7 PREMA BLDG S S RD CROSS RD NO 4ANDHERI WEST MUMBAI SUBURBAN,400053,10-02-2025,LOKHANDWALA COMPLEX SH NO 7 PREMA Building S Road CROSS Road NO 4ANDHERI WEST MUMBAI SUBURBAN
MANISH NAGAR SOC ASSOCIATIONGROUND FLOOR B15 MANISH NAGAR SHOPPING CENTRE CO OP,400053,04-02-2025,MANISH NAGAR SOC ASSOCIATIONGROUND FLOOR B15 MANISH NAGAR SHOPPING CENTRE CO OP
PLOT NO 6 KUMAR HARSHAVVARDHAN CHS JUHU VERSOVA LINK ROADANDHERI WEST,400053,04-02-2025,PLOT NO 6 KUMAR HARSHAVVARDHAN CHS JUHU VERSOVA LINK ROADANDHERI WEST
S NO 1 BLDG NO 2 YASHODHAN APT 144 JP ROADCITY MUMBAI ANDHERI  W,400053,04-02-2025,S NO 1 Building NO 2 YASHODHAN Apartment 144 JP ROADCITY MUMBAI ANDHERI W
SHOP 5 6 7 8 9 EK DANT CHSL OSHIWARA LINK ROAD MHADALAYOUT ANDHERI WEST Mumbai Mumbai,400053,12-02-2025,SHOP 5 6 7 8 9 EK DANT CHSL OSHIWARA LINK ROAD MHADALAYOUT ANDHERI WEST MUMBAI
SHOP NO 13 MANISH SHOPPING CENTRE JP RD 4 BUNGLOW ANDHERI WESTCITY MUMBAI,400053,04-02-2025,SHOP NO 13 MANISH SHOPPING CENTRE JP Road 4 BUNGLOW ANDHERI WESTCITY MUMBAI
shop no 5 plam spring  lokhandwala market lokhandwala complex  andheri west mumbai,400053,10-02-2025,SHOP NO 5 PLAM SPRING LOKHANDWALA MARKET LOKHANDWALA COMPLEX ANDHERI WEST MUMBAI
SHOP NO 6 A GROUND FLRBLDG NO 1 GURU NGR FOUR BUNGLOW ANDHERI W,400053,04-02-2025,SHOP NO 6 A GROUND FLRBLDG NO 1 GURU Nagar FOUR BUNGLOW ANDHERI W
SHOP NO 6 GROUND FLOOR SUNSWEPT CHSLOKHANDWALA COMPLEX ANDHERI W MUMBAI,400053,10-02-2025,SHOP NO 6 GROUND FLOOR SUNSWEPT CHSLOKHANDWALA COMPLEX ANDHERI W MUMBAI
SHOP NO 7 BLDG NO 1 4BUNGLOWS GURU NAGAR JP ROAD ANDHERI WEST MUMBAI,400053,04-02-2025,SHOP NO 7 Building NO 1 4BUNGLOWS GURU NAGAR JP ROAD ANDHERI WEST MUMBAI
SURYA BUILDING SHOP NO 1 S V ROAD V P ROAD ANDHARI WESTSURYA BUILDING SHOP NO 1 S V ROAD V P ROAD ANDHARI WEST,400053,04-02-2025,SURYA BUILDING SHOP NO 1 S V ROAD V P ROAD ANDHARI WESTSURYA BUILDING SHOP NO 1 S V ROAD V P ROAD ANDHARI WEST
UNIT NO 202 MANISH NAGAR SHOPPING CENTER PREMISES JP ROAD MANISH NAGAR NEAR INDIAN OIL ANDHERI WESTMUMBAI,400053,04-02-2025,UNIT NO 202 MANISH NAGAR SHOPPING CENTER PREMISES JP ROAD MANISH NAGAR NEAR INDIAN OIL ANDHERI WESTMUMBAI
UNIT NO 52 DN NAGAR DN NAGAR MIG BUILDING NO 6 CHSL ANDHERI WEST OPP APNA BAZAR DHAKE  COLONYJP ROAD MUMBAI MH,400053,04-02-2025,UNIT NO 52 DN NAGAR DN NAGAR MIG BUILDING NO 6 CHSL ANDHERI WEST OPP APNA BAZAR DHAKE COLONYJP ROAD MUMBAI MH
001 prime plaza sv roadsantacruz west mumbai,400054,03-02-2025,001 PRIME PLAZA SV ROADSANTACRUZ WEST MUMBAI
001 prime plaza sv roadsantacruz west mumbai,400054,03-02-2025,001 PRIME PLAZA SV ROADSANTACRUZ WEST MUMBAI
001 prime plaza sv roadsantacruz west mumbai,400054,03-02-2025,001 PRIME PLAZA SV ROADSANTACRUZ WEST MUMBAI
49 GROUND FLR VIKASCENTRE S V ROAD SANTACRUZ WEST,400054,03-02-2025,49 GROUND Floor VIKASCENTRE S V ROAD SANTACRUZ WEST
49 GROUND FLR VIKASCENTRE S V ROAD SANTACRUZ WEST,400054,03-02-2025,49 GROUND Floor VIKASCENTRE S V ROAD SANTACRUZ WEST
49 GROUND FLR VIKASCENTRE S V ROAD SANTACRUZ WEST,400054,03-02-2025,49 GROUND Floor VIKASCENTRE S V ROAD SANTACRUZ WEST
49 GROUND FLR VIKASCENTRE S V ROAD SANTACRUZ WEST,400054,03-02-2025,49 GROUND Floor VIKASCENTRE S V ROAD SANTACRUZ WEST
Gandhi Road  230  Nemani Chawl  opp  Railway Station SantacruzMUMBAI,400054,03-02-2025,GANDHI ROAD 230 NEMANI CHAWL OPP RAILWAY STATION SANTACRUZMUMBAI
Gandhi Road  230  Nemani Chawl  opp  Railway Station SantacruzMUMBAI,400054,03-02-2025,GANDHI ROAD 230 NEMANI CHAWL OPP RAILWAY STATION SANTACRUZMUMBAI
Gandhi Road  230  Nemani Chawl  opp  Railway Station SantacruzMUMBAI,400054,03-02-2025,GANDHI ROAD 230 NEMANI CHAWL OPP RAILWAY STATION SANTACRUZMUMBAI
SHOP NO  239  NEMANI CHAWL  M K  ROAD  NEAR SANTACRUZ STATION  SANTACRUZ WESTMUMBAI,400054,03-02-2025,SHOP NO 239 NEMANI CHAWL M K ROAD NEAR SANTACRUZ STATION SANTACRUZ WESTMUMBAI
Shop No 1 2 3 Juhu Gardens CSH Juhu RoadSantacruz West mumbai,400054,03-02-2025,SHOP NO 1 2 3 JUHU GARDENS CSH JUHU ROADSANTACRUZ WEST MUMBAI
Shop No 1 2 3 Juhu Gardens CSH Juhu RoadSantacruz West mumbai,400054,03-02-2025,SHOP NO 1 2 3 JUHU GARDENS CSH JUHU ROADSANTACRUZ WEST MUMBAI
Shop No 1 2 3 Juhu Gardens CSH Juhu RoadSantacruz West mumbai,400054,03-02-2025,SHOP NO 1 2 3 JUHU GARDENS CSH JUHU ROADSANTACRUZ WEST MUMBAI
Shop No 1 2 3 Juhu Gardens CSH Juhu RoadSantacruz West mumbai,400054,03-02-2025,SHOP NO 1 2 3 JUHU GARDENS CSH JUHU ROADSANTACRUZ WEST MUMBAI
Shop No 1 2 3 Juhu Gardens CSH Juhu RoadSantacruz West mumbai,400054,03-02-2025,SHOP NO 1 2 3 JUHU GARDENS CSH JUHU ROADSANTACRUZ WEST MUMBAI
SHOP NO 24 RIZVI NAGARSANTACRUZ WEST MUMBAI,400054,03-02-2025,SHOP NO 24 RIZVI NAGARSANTACRUZ WEST MUMBAI
SHOP NO 24 RIZVI NAGARSANTACRUZ WEST MUMBAI,400054,03-02-2025,SHOP NO 24 RIZVI NAGARSANTACRUZ WEST MUMBAI
SHOP NO 5 MACHISWALA BLDG OPP  ARUN BAZAR STATION ROAD SANTACRUZ WESTSTATION ROAD SANTACRUZ WEST,400054,03-02-2025,SHOP NO 5 MACHISWALA Building OPP ARUN BAZAR STATION ROAD SANTACRUZ WESTSTATION ROAD SANTACRUZ WEST
Shop No 10 11 3 Poddar ChawlBldg Plot No 34 Cornor Of S V Road And Tilak Rd Santacruz W Mumbai,400054,03-02-2025,SHOP NO 10 11 3 PODDAR CHAWLBLDG PLOT NO 34 CORNOR OF S V ROAD AND TILAK Road SANTACRUZ W MUMBAI
SHOP NO 2 KINGS ACRE CHS LTD SARASWATI ROAD NR PODDAR SCHOOL SANTACRUZ WEST MUMBAI MHMUMBAI,400054,03-02-2025,SHOP NO 2 KINGS ACRE CHS LTD SARASWATI ROAD NR PODDAR SCHOOL SANTACRUZ WEST MUMBAI MHMUMBAI
SHOP NO 4 AND 5 BALAJI DARSHAN TILAK ROAD SANTACRUZSHOP NO 4 AND 5 BALAJI DARSHAN TILAK ROAD SANTACRUZ,400054,03-02-2025,SHOP NO 4 AND 5 BALAJI DARSHAN TILAK ROAD SANTACRUZSHOP NO 4 AND 5 BALAJI DARSHAN TILAK ROAD SANTACRUZ
12 MITHILA NEAR SAHKARI BHANDAR V MROAD JUHU VILE PARLE WEST,400056,06-02-2025,12 MITHILA NEAR SAHKARI BHANDAR V MROAD JUHU VILE PARLE WEST
14 BADRUNISA ABDUL MAJIDIRIA SOC RD VILE PARLE W,400056,06-02-2025,14 BADRUNISA ABDUL MAJIDIRIA SOC Road VILE PARLE W
401 COSMOS BUILDING ABOVE MILLENNIUMTOYOTA SHOW ROOM SV ROAD VILE PARLE WEST MUMBAI,400056,06-02-2025,401 COSMOS BUILDING ABOVE MILLENNIUMTOYOTA SHOW ROOM SV ROAD VILE PARLE WEST MUMBAI
S NO 5 8 9 1ST FL 2A 2B GR FL KUNJ VIHARD J RD VILEPARLE W Mumbai Mumbai,400056,06-02-2025,S NO 5 8 9 1ST FL 2A 2B GR FL KUNJ VIHARD J Road VILEPARLE W MUMBAI
SHOP NO 2 DADI HOUSEIRLA SOC RD VILE PARLE W,400056,06-02-2025,SHOP NO 2 DADI HOUSEIRLA SOC Road VILE PARLE W
SHOP NO 3 EMPIRE HOUSE SV ROADIRLA VILE PARLE WEST Mumbai Mumbai,400056,06-02-2025,SHOP NO 3 EMPIRE HOUSE SV ROADIRLA VILE PARLE WEST MUMBAI
SHOP NO 9 ARIF MANSION IRLA SOCIETY ROAD OPP PRIME MAIRLA VILE PARLE W MUMBAI 400056,400056,06-02-2025,SHOP NO 9 ARIF MANSION IRLA SOCIETY ROAD OPP PRIME MAIRLA VILE PARLE W MUMBAI 400056
39  Parag Apt   J P  Road  Near BOI Versova Branch  Versova  Andheri WestMumbai,400058,04-02-2025,39 PARAG Apartment J P ROAD NEAR BOI VERSOVA BRANCH VERSOVA ANDHERI WESTMUMBAI
39  Parag Apt   J P  Road  Near BOI Versova Branch  Versova  Andheri WestMumbai,400058,04-02-2025,39 PARAG Apartment J P ROAD NEAR BOI VERSOVA BRANCH VERSOVA ANDHERI WESTMUMBAI
G WINGABHISHEK APARTMENTNEW LINK  ROADANDHERI WESTMUMBAI SUBURBANMAHARASHTRA400058,400058,04-02-2025,G WINGABHISHEK APARTMENTNEW LINK ROADANDHERI WESTMUMBAI SUBURBANMAHARASHTRA 400058
SHOP NO 8 BLDG NO B26 WELLINGTON ROADSHASTRI NAGAR ANDHERI WEST,400058,12-02-2025,SHOP NO 8 Building NO B26 WELLINGTON ROADSHASTRI NAGAR ANDHERI WEST
SHOP NO 8 BLDG NO B26 WELLINGTON ROADSHASTRI NAGAR ANDHERI WEST,400058,12-02-2025,SHOP NO 8 Building NO B26 WELLINGTON ROADSHASTRI NAGAR ANDHERI WEST
SHOP NO 8 BLDG NO B26 WELLINGTON ROADSHASTRI NAGAR ANDHERI WEST,400058,12-02-2025,SHOP NO 8 Building NO B26 WELLINGTON ROADSHASTRI NAGAR ANDHERI WEST
1 2 1A SHRI ALANKAR CHS LTD SUPER SHOPPING CENTRES V ROAD ANDHERI WEST Mumbai Mumbai,400058,04-02-2025,1 2 1A SHRI ALANKAR CHS LTD SUPER SHOPPING CENTRES V ROAD ANDHERI WEST MUMBAI
SHOP 6 SUNNY SIDE 355 RD 4BUNGLOW LOKHANDWALA CO ANDHERI  WEST,400058,10-02-2025,SHOP 6 SUNNY SIDE 355 Road 4BUNGLOW LOKHANDWALA CO ANDHERI WEST
SHOP NO 41 MANISH NAGAR SHOPPING CENTREPREMISE CHSPREMISE CHSPREMISE CHSMUMBAI,400058,04-02-2025,SHOP NO 41 MANISH NAGAR SHOPPING CENTREPREMISE CHSPREMISE CHSMUMBAI
SHOP NO 5 AMEYA HOUSE CHS AZAD NAGAR ANDHERI JP ROAD ANDHERI WEST DISTMUMBAISUBURBAN,400058,11-02-2025,SHOP NO 5 AMEYA HOUSE CHS AZAD NAGAR ANDHERI JP ROAD ANDHERI WEST DISTMUMBAISUBURBAN
Shop No B Jay Yashwant Andheri Chs Sv Road Andheri WestMumbai Maharashtra India,400058,04-02-2025,SHOP NO B JAY YASHWANT ANDHERI CHS SV ROAD ANDHERI WESTMUMBAI MAHARASHTRA INDIA
SHOP NO1 PERSIAN CHSLVP ROAD OPP FIDAIBAUG ANDHERI WESTMUMBAI MAHARATSHTRAMUMBAI,400058,04-02-2025,SHOP NO1 PERSIAN CHSLVP ROAD OPP FIDAIBAUG ANDHERI WESTMUMBAI MAHARATSHTRAMUMBAI
SHOP NO 1 MEERA APT 7 BUNGLOW JUHUVERSOVA LINK ROAD ANDHERI WEST MUMBAI 400061,400061,04-02-2025,SHOP NO 1 MEERA Apartment 7 BUNGLOW JUHUVERSOVA LINK ROAD ANDHERI WEST MUMBAI 400061
SHOP NO 1 MEERA APT 7 BUNGLOW JUHUVERSOVA LINK ROAD ANDHERI WEST MUMBAI 400061,400061,04-02-2025,SHOP NO 1 MEERA Apartment 7 BUNGLOW JUHUVERSOVA LINK ROAD ANDHERI WEST MUMBAI 400061
SHOP NO 1 MEERA APT 7 BUNGLOW JUHUVERSOVA LINK ROAD ANDHERI WEST MUMBAI 400061,400061,04-02-2025,SHOP NO 1 MEERA Apartment 7 BUNGLOW JUHUVERSOVA LINK ROAD ANDHERI WEST MUMBAI 400061
SHOP NO 3 JANAK DEEP APTS 7 BUNGLOWS J P ROAD ANDHERI W Mumbai Mumbai 400061SHOP NO 3 JANAK DEEP APTS 7 BUNGLOWS J P ROAD ANDHERI W Mumbai Mumbai 400061,400061,04-02-2025,SHOP NO 3 JANAK DEEP APTS 7 BUNGLOWS J P ROAD ANDHERI W MUMBAI 400061SHOP NO 3 JANAK DEEP APTS 7 BUNGLOWS J P ROAD ANDHERI W MUMBAI 400061
74 ARAM NAGAR OPP DARIA MAHALJP ROAD NEAR GURUDWARA 7 BUNGLOWS VERSOVA MUMBAI,400061,04-02-2025,74 ARAM NAGAR OPP DARIA MAHALJP ROAD NEAR GURUDWARA 7 BUNGLOWS VERSOVA MUMBAI
SHOP NO 3 JANAK DEEP APTS 7 BUNGLOWS J P ROAD ANDHERI WESTSHOP NO 3 JANAK DEEP APTS 7 BUNGLOWS J P ROAD ANDHERI WEST,400061,04-02-2025,SHOP NO 3 JANAK DEEP APTS 7 BUNGLOWS J P ROAD ANDHERI WESTSHOP NO 3 JANAK DEEP APTS 7 BUNGLOWS J P ROAD ANDHERI WEST
SHOP NO 01 A GEET GOVIND BUILDING OPP SAMRATTHEATRE S V ROAD GOREGAON WEST MUMBAI,400062,07-02-2025,SHOP NO 01 A GEET GOVIND BUILDING OPP SAMRATTHEATRE S V ROAD GOREGAON WEST MUMBAI
SHOP NO 01 A GEET GOVIND BUILDING OPP SAMRATTHEATRE S V ROAD GOREGAON WEST MUMBAI,400062,07-02-2025,SHOP NO 01 A GEET GOVIND BUILDING OPP SAMRATTHEATRE S V ROAD GOREGAON WEST MUMBAI
SHOP NO 01 A GEET GOVIND BUILDING OPP SAMRATTHEATRE S V ROAD GOREGAON WEST MUMBAI,400062,07-02-2025,SHOP NO 01 A GEET GOVIND BUILDING OPP SAMRATTHEATRE S V ROAD GOREGAON WEST MUMBAI
0 Hotel R K Trisha IndiraNgr Goregaon W,400062,07-02-2025,0 HOTEL R K TRISHA INDIRANGR GOREGAON W
20 Grampanchayat RoadGoregaon West,400062,07-02-2025,20 GRAMPANCHAYAT ROADGOREGAON WEST
74 JAWAHAR NAGAR ROAD NO 1 GOREGAON WEST74 JAWAHAR NAGAR ROAD NO 1 GOREGAON WEST,400062,07-02-2025,74 JAWAHAR NAGAR ROAD NO 1 GOREGAON WEST74 JAWAHAR NAGAR ROAD NO 1 GOREGAON WEST
GALA NO 234 KIRAN INDUSTRIAL PREMISES CHS LTD M G ROAD GOREGAON WEST MUMBAI SUBURBAN MUMBAIMUMBAI,400062,07-02-2025,GALA NO 234 KIRAN INDUSTRIAL PREMISES CHS LTD M G ROAD GOREGAON WEST MUMBAI SUBURBAN MUMBAIMUMBAI
SHOP NO 1 VISHNU SADAN OPP VIJAY SALES GREATER MUMBAI  GOREGAON (WEST) GREATER MUMBAI WARD PS MUMBAIMUMBAI,400062,07-02-2025,SHOP NO 1 VISHNU SADAN OPP VIJAY SALES GREATER MUMBAI GOREGAON (WEST) GREATER MUMBAI WARD PS MUMBAIMUMBAI
SHOP NO 6 AND 7 GUSTIN BUILDING S V ROAD GORE GAON WEST GOREGAON MUMBAICITY MUMBAI,400062,07-02-2025,SHOP NO 6 AND 7 GUSTIN BUILDING S V ROAD GORE GAON WEST GOREGAON MUMBAICITY MUMBAI
Shop No 6 SK Chauk ChawlCEAZER ROADAMBOLIANDHERI (W),400069,04-02-2025,SHOP NO 6 SK CHAUK CHAWLCEAZER ROADAMBOLIANDHERI (W)
SHOP NO 4 BLDG NO 27 NEW LINK ROAD EXTN OSHIWARA JOGESHWARI WEST MUMBAIMUMBAI,400102,12-02-2025,SHOP NO 4 Building NO 27 NEW LINK ROAD EXTN OSHIWARA JOGESHWARI WEST MUMBAIMUMBAI
SHOP NO 4 BLDG NO 27 NEW LINK ROAD EXTN OSHIWARA JOGESHWARI WEST MUMBAIMUMBAI,400102,12-02-2025,SHOP NO 4 Building NO 27 NEW LINK ROAD EXTN OSHIWARA JOGESHWARI WEST MUMBAIMUMBAI
UNIT NO 611 RELIABLE PRIDE ANAND NAGAR  OPP HEERA PANNA MALLJOGESHWARI WEST 400102,400102,10-02-2025,UNIT NO 611 RELIABLE PRIDE ANAND NAGAR OPP HEERA PANNA MALLJOGESHWARI WEST 400102
UNIT NO 611 RELIABLE PRIDE ANAND NAGAR  OPP HEERA PANNA MALLJOGESHWARI WEST 400102,400102,10-02-2025,UNIT NO 611 RELIABLE PRIDE ANAND NAGAR OPP HEERA PANNA MALLJOGESHWARI WEST 400102
7 56 57 CCI COLONY UNNAT ROADNear Jain Hospital MG Rd Goregaon West,400104,07-02-2025,7 56 57 CCI COLONY UNNAT ROADNEAR JAIN HOSPITAL MG Road GOREGAON WEST
BLOCK 18 SIDDHARTH NAGARGOREGAON WEST OPP RAITIONING OFFICE ROAD 2,400104,12-02-2025,BLOCK 18 SIDDHARTH NAGARGOREGAON WEST OPP RAITIONING OFFICE ROAD 2
BLOCK 18 SIDDHARTH NAGARGOREGAON WEST OPP RAITIONING OFFICE ROAD 2 MUMBAI Mumbai Mumbai,400104,12-02-2025,BLOCK 18 SIDDHARTH NAGARGOREGAON WEST OPP RAITIONING OFFICE ROAD 2 MUMBAI
GROUND FLOOR SHOP NO04 PEARL HEVEN CHAPEL ROAD BANDRA WESTGROUND FLOOR SHOP NO04 PEARL HEVEN CHAPEL ROAD BANDRA WEST,400050,26-02-2025,GROUND FLOOR SHOP NO04 PEARL HEVEN CHAPEL ROAD BANDRA WESTGROUND FLOOR SHOP NO04 PEARL HEVEN CHAPEL ROAD BANDRA WEST
GROUND FLOOR SHOP NO04 PEARL HEVEN CHAPEL ROAD BANDRA WESTGROUND FLOOR SHOP NO04 PEARL HEVEN CHAPEL ROAD BANDRA WEST,400050,26-02-2025,GROUND FLOOR SHOP NO04 PEARL HEVEN CHAPEL ROAD BANDRA WESTGROUND FLOOR SHOP NO04 PEARL HEVEN CHAPEL ROAD BANDRA WEST
SHOP NO 1 2 3 SARKAR PLAZA CHS LTD NR BALAJI BUSINESS RESTAURANT 57 A HILL ROAD BANDRA WEST MUMBAIMUMBAI,400050,26-02-2025,SHOP NO 1 2 3 SARKAR PLAZA CHS LTD NR BALAJI BUSINESS RESTAURANT 57 A HILL ROAD BANDRA WEST MUMBAIMUMBAI
SHOP NO 1 2 3 SARKAR PLAZA CHS LTD NR BALAJI BUSINESS RESTAURANT 57 A HILL ROAD BANDRA WEST MUMBAIMUMBAI,400050,26-02-2025,SHOP NO 1 2 3 SARKAR PLAZA CHS LTD NR BALAJI BUSINESS RESTAURANT 57 A HILL ROAD BANDRA WEST MUMBAIMUMBAI
SHOP NO 1 2 3 SARKAR PLAZA CHS LTD NR BALAJI BUSINESS RESTAURANT 57 A HILL ROAD BANDRA WEST MUMBAIMUMBAI,400050,26-02-2025,SHOP NO 1 2 3 SARKAR PLAZA CHS LTD NR BALAJI BUSINESS RESTAURANT 57 A HILL ROAD BANDRA WEST MUMBAIMUMBAI
1ST FLOOR 893 NORTAN CHEMBERSTURNER ROAD BANDRA WEST ABOVE YES BANK MUMBAI,400050,26-02-2025,1ST FLOOR 893 NORTAN CHEMBERSTURNER ROAD BANDRA WEST ABOVE YES BANK MUMBAI
37 mahavir bhuvan hill roadopp globus bandra west mumbai suburban,400050,26-02-2025,37 MAHAVIR BHUVAN HILL ROADOPP GLOBUS BANDRA WEST MUMBAI SUBURBAN
49 C DR AMBEDKAR ROADPALINAKA BANDRA WEST,400050,26-02-2025,49 C DR AMBEDKAR ROADPALINAKA BANDRA WEST
52  NATASHA  3RD FLOOR  HILL ROAD  BANDRA WEST  MUMBAI   400050MUMBAI,400050,26-02-2025,52 NATASHA 3RD FLOOR HILL ROAD BANDRA WEST MUMBAI 400050MUMBAI
CEST LA VIE CLUB 4TH FLOOR NEXT TO HOLY FAMILY HOSPITALHILL RD OPP MC DONALD BANDRA WEST MUMBAI,400050,26-02-2025,CEST LA VIE CLUB 4TH FLOOR NEXT TO HOLY FAMILY HOSPITALHILL Road OPP MC DONALD BANDRA WEST MUMBAI
LADIA SHOPPING CENTER 43 HILL ROADSHOP NO 3 BANDRA WEST,400050,26-02-2025,LADIA SHOPPING CENTER 43 HILL ROADSHOP NO 3 BANDRA WEST
PLOT NO 8 SHOP NO 1 7A UNION PARKOPP PETIT GIRLS HIGHSCHOOLS BANDRA WEST,400050,26-02-2025,PLOT NO 8 SHOP NO 1 7A UNION PARKOPP PETIT GIRLS HIGHSCHOOLS BANDRA WEST
SHOP 3 7 8 MEHRABAD SHOPPINGCENTRE HILL RD BANDRA WEST MUMBAI  SUBURBAN,400050,26-02-2025,SHOP 3 7 8 MEHRABAD SHOPPINGCENTRE HILL Road BANDRA WEST MUMBAI SUBURBAN
SHOP NO 1 LOURDES HEAVEN BUILDING OPP PUNJABSWEET HOUSE PALI NAKA BANDRA,400050,26-02-2025,SHOP NO 1 LOURDES HEAVEN BUILDING OPP PUNJABSWEET HOUSE PALI NAKA BANDRA
SHOP NO 1 LOURDS HEAVEN BUILDING OPP PUNJABSWEET HOUSE PALI NAKA BANDRA MUMBAI,400050,26-02-2025,SHOP NO 1 LOURDS HEAVEN BUILDING OPP PUNJABSWEET HOUSE PALI NAKA BANDRA MUMBAI
4 PLOT NO 69 CRYSTAL BLUE PREMISES CHS LTD 16TH ROAD CORNERMUMBAI SUBURBAN,400052,10-02-2025,4 PLOT NO 69 CRYSTAL BLUE PREMISES CHS LTD 16TH ROAD CORNERMUMBAI SUBURBAN
4 PLOT NO 69 CRYSTAL BLUE PREMISES CHS LTD 16TH ROAD CORNERMUMBAI SUBURBAN,400052,10-02-2025,4 PLOT NO 69 CRYSTAL BLUE PREMISES CHS LTD 16TH ROAD CORNERMUMBAI SUBURBAN
4 PLOT NO 69 CRYSTAL BLUE PREMISES CHS LTD 16TH ROAD CORNERMUMBAI SUBURBAN,400052,10-02-2025,4 PLOT NO 69 CRYSTAL BLUE PREMISES CHS LTD 16TH ROAD CORNERMUMBAI SUBURBAN
4 PLOT NO 69 CRYSTAL BLUE PREMISES CHS LTD 16TH ROAD CORNERMUMBAI SUBURBAN,400052,10-02-2025,4 PLOT NO 69 CRYSTAL BLUE PREMISES CHS LTD 16TH ROAD CORNERMUMBAI SUBURBAN
4TH AND 5TH FLOOR  ROHAN PLAZA 5TH ROAD KHAR WESTMUMBAI KHAR WEST MAHARASHTRA,400052,11-02-2025,4TH AND 5TH FLOOR ROHAN PLAZA 5TH ROAD KHAR WESTMUMBAI KHAR WEST MAHARASHTRA
4TH AND 5TH FLOOR  ROHAN PLAZA 5TH ROAD KHAR WESTMUMBAI KHAR WEST MAHARASHTRA,400052,11-02-2025,4TH AND 5TH FLOOR ROHAN PLAZA 5TH ROAD KHAR WESTMUMBAI KHAR WEST MAHARASHTRA
4TH AND 5TH FLOOR  ROHAN PLAZA 5TH ROAD KHAR WESTMUMBAI KHAR WEST MAHARASHTRA,400052,11-02-2025,4TH AND 5TH FLOOR ROHAN PLAZA 5TH ROAD KHAR WESTMUMBAI KHAR WEST MAHARASHTRA
4TH AND 5TH FLOOR  ROHAN PLAZA 5TH ROAD KHAR WESTMUMBAI KHAR WEST MAHARASHTRA,400052,11-02-2025,4TH AND 5TH FLOOR ROHAN PLAZA 5TH ROAD KHAR WESTMUMBAI KHAR WEST MAHARASHTRA
4TH AND 5TH FLOOR  ROHAN PLAZA 5TH ROAD KHAR WESTMUMBAI KHAR WEST MAHARASHTRA,400052,11-02-2025,4TH AND 5TH FLOOR ROHAN PLAZA 5TH ROAD KHAR WESTMUMBAI KHAR WEST MAHARASHTRA
4TH AND 5TH FLOOR  ROHAN PLAZA 5TH ROAD KHAR WESTMUMBAI KHAR WEST MAHARASHTRA,400052,11-02-2025,4TH AND 5TH FLOOR ROHAN PLAZA 5TH ROAD KHAR WESTMUMBAI KHAR WEST MAHARASHTRA
4TH AND 5TH FLOOR  ROHAN PLAZA 5TH ROAD KHAR WESTMUMBAI KHAR WEST MAHARASHTRA,400052,11-02-2025,4TH AND 5TH FLOOR ROHAN PLAZA 5TH ROAD KHAR WESTMUMBAI KHAR WEST MAHARASHTRA
4TH AND 5TH FLOOR  ROHAN PLAZA 5TH ROAD KHAR WESTMUMBAI KHAR WEST MAHARASHTRA,400052,11-02-2025,4TH AND 5TH FLOOR ROHAN PLAZA 5TH ROAD KHAR WESTMUMBAI KHAR WEST MAHARASHTRA
OFFICE BLD RAMAKRISHNA MISSION12TH ROAD KHAR WEST,400052,10-02-2025,OFFICE BLD RAMAKRISHNA MISSION12TH ROAD KHAR WEST
OFFICE BLD RAMAKRISHNA MISSION12TH ROAD KHAR WEST,400052,10-02-2025,OFFICE BLD RAMAKRISHNA MISSION12TH ROAD KHAR WEST
2 ND FLOOR UNIT NO 201 202 BENCHMARK PLAZA 33RD ROAD KHAR WEST Mumbai Mumbai 4000522 ND FLOOR UNIT NO 201 202 BENCHMARK PLAZA 33RD ROAD KHAR WEST Mumbai Mumbai 400052,400052,10-02-2025,2 ND FLOOR UNIT NO 201 202 BENCHMARK PLAZA 33RD ROAD KHAR WEST MUMBAI 4000522 ND FLOOR UNIT NO 201 202 BENCHMARK PLAZA 33RD ROAD KHAR WEST MUMBAI 400052
353 Satguru House Linking Road Khar WEST mumbai Mumbai Mumbai 400052353 Satguru House Linking Road Khar WEST mumbai Mumbai Mumbai 400052,400052,11-02-2025,353 SATGURU HOUSE LINKING ROAD KHAR WEST MUMBAI 400052353 SATGURU HOUSE LINKING ROAD KHAR WEST MUMBAI 400052
BASMENT B JAIN ARCADE BUILDING14TH ROAD KHAR WEST,400052,10-02-2025,BASMENT B JAIN ARCADE BUILDING14TH ROAD KHAR WEST
SHOP NO 1 KHAR LOTIA PALACE CHSL 373 LINKING RD KHAR WENCLAVE IGNOU NEB SARAI NORTH,400052,10-02-2025,SHOP NO 1 KHAR LOTIA PALACE CHSL 373 LINKING Road KHAR WENCLAVE IGNOU NEB SARAI NORTH
SHOP NO 7 AND 8 SWARNA RELHA 499 LINKING RDOPP TELEPHONE EXCHANGE KHAR W MUMBAI,400052,10-02-2025,SHOP NO 7 AND 8 SWARNA RELHA 499 LINKING RDOPP TELEPHONE EXCHANGE KHAR W MUMBAI
Old Anand Nagar Shop No 646 a nd 47 ShreeOM CHS Ltd Guru Narayan Marg Off Nehru Road Mumbai Mumbai,400055,24-02-2025,OLD ANAND NAGAR SHOP NO 646 A ND 47 SHREEOM CHS LTD GURU NARAYAN MARG OFF NEHRU ROAD MUMBAI
Old Anand Nagar Shop No 646 a nd 47 ShreeOM CHS Ltd Guru Narayan Marg Off Nehru Road Mumbai Mumbai,400055,24-02-2025,OLD ANAND NAGAR SHOP NO 646 A ND 47 SHREEOM CHS LTD GURU NARAYAN MARG OFF NEHRU ROAD MUMBAI
S NO 34 NEHRU ROAD ZER TERACE OPP POST OFFICESANTACRUZ EAST Mumbai Mumbai,400055,22-02-2025,S NO 34 NEHRU ROAD ZER TERACE OPP POST OFFICESANTACRUZ EAST MUMBAI
S NO 34 NEHRU ROAD ZER TERACE OPP POST OFFICESANTACRUZ EAST Mumbai Mumbai,400055,22-02-2025,S NO 34 NEHRU ROAD ZER TERACE OPP POST OFFICESANTACRUZ EAST MUMBAI
SHOP NO 2 MARIONELLE 81 VAKOLAMARKET ROAD SANTACRUZ EAST 400055,400055,26-02-2025,SHOP NO 2 MARIONELLE 81 VAKOLAMARKET ROAD SANTACRUZ EAST 400055
SHOP NO 2 MARIONELLE 81 VAKOLAMARKET ROAD SANTACRUZ EAST 400055,400055,26-02-2025,SHOP NO 2 MARIONELLE 81 VAKOLAMARKET ROAD SANTACRUZ EAST 400055
39A VAKOLA BRIDGE NEHRU ROADSANTACRUZ EAST MAHARASHTRASANTACRUZ,400055,26-02-2025,39A VAKOLA BRIDGE NEHRU ROADSANTACRUZ EAST MAHARASHTRASANTACRUZ
CST ROAD KALINA SANTACRUZ ECST ROAD KALINA SANTACRUZ E,400055,26-02-2025,CST ROAD KALINA SANTACRUZ ECST ROAD KALINA SANTACRUZ E
H E G 21 1 VAKOLA BRIDGE NEHRU ROAD SANTACRUZ EAST 400055 MUMBAI MAHARASHTRAH E G 21 1 VAKOLA BRIDGE NEHRU ROAD SANTACRUZ EAST 400055 MUMBAI MAHARASHTRA,400055,26-02-2025,H E G 21 1 VAKOLA BRIDGE NEHRU ROAD SANTACRUZ EAST 400055 MUMBAI MAHARASHTRAH E G 21 1 VAKOLA BRIDGE NEHRU ROAD SANTACRUZ EAST 400055 MUMBAI MAHARASHTRA
OMEGA WINE MART DANESH KANJ SHOP NO 2 NEHRU ROADNEAR SANTACRUZ EAST HIGH WAY NEAR SHIVSENA SAKH SANTACRUZ EAST,400055,24-02-2025,OMEGA WINE MART DANESH KANJ SHOP NO 2 NEHRU ROADNEAR SANTACRUZ EAST HIGH WAY NEAR SHIVSENA SAKH SANTACRUZ EAST
SHOP NO 1 JAY APARTMENT 32 NEHRUROAD SANTACRUZ EASTMUMBAI,400055,26-02-2025,SHOP NO 1 JAY APARTMENT 32 NEHRUROAD SANTACRUZ EASTMUMBAI
SHOP NO 7 JAY APARTMENT NEHRU ROAD SANTACRUZ EASTROAD SANTACRUZ EAST,400055,26-02-2025,SHOP NO 7 JAY APARTMENT NEHRU ROAD SANTACRUZ EASTROAD SANTACRUZ EAST
SHOP NO 7 JAY APARTMENT NEHRUROAD SANTACRUZ EAST,400055,26-02-2025,SHOP NO 7 JAY APARTMENT NEHRUROAD SANTACRUZ EAST
B 103 And C 101 1ST FLOOR KAILASH CHS JUHU CHURCH ROAD JUHUVILE PARLE W,400092,06-02-2025,B 103 AND C 101 1ST FLOOR KAILASH CHS JUHU CHURCH ROAD JUHUVILE PARLE W
19 JUHU RUTURAJ CO OP HSG SOCIETYOPP SNDT JUHU ROAD SANTACRUZ W MUMBAI,400049,06-02-2025,19 JUHU RUTURAJ CO OP HSG SOCIETYOPP SNDT JUHU ROAD SANTACRUZ W MUMBAI
19 JUHU RUTURAJ CO OP HSG SOCIETYOPP SNDT JUHU ROAD SANTACRUZ W MUMBAI,400049,06-02-2025,19 JUHU RUTURAJ CO OP HSG SOCIETYOPP SNDT JUHU ROAD SANTACRUZ W MUMBAI
D 2 OM SATYADEEP GULMOHAR CROSS RD 7 AI MODELTOWN JUPD SCHEME ANDHERI W,400049,06-02-2025,D 2 OM SATYADEEP GULMOHAR CROSS Road 7 AI MODELTOWN JUPD SCHEME ANDHERI W
D 2 OM SATYADEEP GULMOHAR CROSS RD 7 AI MODELTOWN JUPD SCHEME ANDHERI W,400049,06-02-2025,D 2 OM SATYADEEP GULMOHAR CROSS Road 7 AI MODELTOWN JUPD SCHEME ANDHERI W
PLOT U 13 OPP JUHU BUS DEPOT JVPD SCHEME NS ROAD NO 13 JUHU MUMBAI 400049PLOT U 13 OPP JUHU BUS DEPOT JVPD SCHEME NS ROAD NO 13 JUHU MUMBAI 400049,400049,06-02-2025,PLOT U 13 OPP JUHU BUS DEPOT JVPD SCHEME NS ROAD NO 13 JUHU MUMBAI 400049PLOT U 13 OPP JUHU BUS DEPOT JVPD SCHEME NS ROAD NO 13 JUHU MUMBAI 400049
PLOT U 13 OPP JUHU BUS DEPOT JVPD SCHEME NS ROAD NO 13 JUHU MUMBAI 400049PLOT U 13 OPP JUHU BUS DEPOT JVPD SCHEME NS ROAD NO 13 JUHU MUMBAI 400049,400049,06-02-2025,PLOT U 13 OPP JUHU BUS DEPOT JVPD SCHEME NS ROAD NO 13 JUHU MUMBAI 400049PLOT U 13 OPP JUHU BUS DEPOT JVPD SCHEME NS ROAD NO 13 JUHU MUMBAI 400049
PLOT U 13 OPP JUHU BUS DEPOT JVPD SCHEME NS ROAD NO 13 JUHU MUMBAI 400049PLOT U 13 OPP JUHU BUS DEPOT JVPD SCHEME NS ROAD NO 13 JUHU MUMBAI 400049,400049,06-02-2025,PLOT U 13 OPP JUHU BUS DEPOT JVPD SCHEME NS ROAD NO 13 JUHU MUMBAI 400049PLOT U 13 OPP JUHU BUS DEPOT JVPD SCHEME NS ROAD NO 13 JUHU MUMBAI 400049
RUIA PARK MILITARY ROADJUHU,400049,06-02-2025,RUIA PARK MILITARY ROADJUHU
RUIA PARK MILITARY ROADJUHU,400049,06-02-2025,RUIA PARK MILITARY ROADJUHU
RUIA PARK MILITARY ROADJUHU,400049,06-02-2025,RUIA PARK MILITARY ROADJUHU
RUIA PARK MILITARY ROADJUHU,400049,06-02-2025,RUIA PARK MILITARY ROADJUHU
RUIA PARK MILITARY ROADJUHU,400049,06-02-2025,RUIA PARK MILITARY ROADJUHU
S NO 12 JAIN SANTOSHI MATA NGR N S RD S JVPD SCHEME VILE PARLE WNR KALI MATA MANDIR,400049,06-02-2025,S NO 12 JAIN SANTOSHI MATA Nagar N S Road S JVPD SCHEME VILE PARLE WNR KALI MATA MANDIR
SHOP NO 5 GROUND FLOOR JUHU VASANT BAHAR CHS LTDJUHU TARA ROAD SANTACRUZ WEST OPP ROYAL HOTEL,400049,06-02-2025,SHOP NO 5 GROUND FLOOR JUHU VASANT BAHAR CHS LTDJUHU TARA ROAD SANTACRUZ WEST OPP ROYAL HOTEL
Shop no3 ground floor FionaJuhu road176 chandrabai nagar juhu,400049,05-02-2025,SHOP NO3 GROUND FLOOR FIONAJUHU ROAD176 CHANDRABAI NAGAR JUHU
21 ENCORE LOKHANDWALA COMPLEXANDHERI WEST,400053,10-02-2025,21 ENCORE LOKHANDWALA COMPLEXANDHERI WEST
21 ENCORE LOKHANDWALA COMPLEXANDHERI WEST,400053,10-02-2025,21 ENCORE LOKHANDWALA COMPLEXANDHERI WEST
6 TWINKLE APARTMENT OPP KAMAT CLUB LOKHANDWALA ANDHERI WEST MUMBAIMUMBAI MAHARASHTRA,400053,12-02-2025,6 TWINKLE APARTMENT OPP KAMAT CLUB LOKHANDWALA ANDHERI WEST MUMBAIMUMBAI MAHARASHTRA
6 TWINKLE APARTMENT OPP KAMAT CLUB LOKHANDWALA ANDHERI WEST MUMBAIMUMBAI MAHARASHTRA,400053,12-02-2025,6 TWINKLE APARTMENT OPP KAMAT CLUB LOKHANDWALA ANDHERI WEST MUMBAIMUMBAI MAHARASHTRA
6 TWINKLE APARTMENT OPP KAMAT CLUB LOKHANDWALA ANDHERI WEST MUMBAIMUMBAI MAHARASHTRA,400053,12-02-2025,6 TWINKLE APARTMENT OPP KAMAT CLUB LOKHANDWALA ANDHERI WEST MUMBAIMUMBAI MAHARASHTRA
9 GR FLOOR SNEHA BLDG B WING APNA GHARUNIT NO 11 CHS LTD LOKHANDWALA COMPLEX ANDHARI WEST,400053,10-02-2025,9 GR FLOOR SNEHA Building B WING APNA GHARUNIT NO 11 CHS LTD LOKHANDWALA COMPLEX ANDHARI WEST
9 GR FLOOR SNEHA BLDG B WING APNA GHARUNIT NO 11 CHS LTD LOKHANDWALA COMPLEX ANDHARI WEST,400053,10-02-2025,9 GR FLOOR SNEHA Building B WING APNA GHARUNIT NO 11 CHS LTD LOKHANDWALA COMPLEX ANDHARI WEST
A WING 101 CRYSTAL PLAZA ground floor new LINK ROADopp infinity mall Andheri West,400053,12-02-2025,A WING 101 CRYSTAL PLAZA GROUND FLOOR NEW LINK ROADOPP INFINITY MALL ANDHERI WEST
A WING 101 CRYSTAL PLAZA ground floor new LINK ROADopp infinity mall Andheri West,400053,12-02-2025,A WING 101 CRYSTAL PLAZA GROUND FLOOR NEW LINK ROADOPP INFINITY MALL ANDHERI WEST
GROUND FLOOR SHOP NO 1 AND 2 PARUL CO OPHOUSING SOCIETY LTD  VEERA DESAI ROSD ANDHERI WEST,400053,10-02-2025,GROUND FLOOR SHOP NO 1 AND 2 PARUL CO OPHOUSING SOCIETY LTD VEERA DESAI ROSD ANDHERI WEST
GROUND FLOOR SHOP NO 1 AND 2 PARUL CO OPHOUSING SOCIETY LTD  VEERA DESAI ROSD ANDHERI WEST,400053,10-02-2025,GROUND FLOOR SHOP NO 1 AND 2 PARUL CO OPHOUSING SOCIETY LTD VEERA DESAI ROSD ANDHERI WEST
GROUND FLOOR SHOP NO 1 AND 2 PARUL CO OPHOUSING SOCIETY LTD  VEERA DESAI ROSD ANDHERI WEST,400053,10-02-2025,GROUND FLOOR SHOP NO 1 AND 2 PARUL CO OPHOUSING SOCIETY LTD VEERA DESAI ROSD ANDHERI WEST
GROUND FLOOR SHOP NO 1 AND 2 PARUL CO OPHOUSING SOCIETY LTD  VEERA DESAI ROSD ANDHERI WEST,400053,10-02-2025,GROUND FLOOR SHOP NO 1 AND 2 PARUL CO OPHOUSING SOCIETY LTD VEERA DESAI ROSD ANDHERI WEST
SHALIMAR MORYA PARK GR AND 1ST FLR OFF NEW LINKRD ANDHERI W MUMBAI 400053,400053,12-02-2025,SHALIMAR MORYA PARK GR AND 1ST Floor OFF NEW LINKRD ANDHERI W MUMBAI 400053
SHALIMAR MORYA PARK GR AND 1ST FLR OFF NEW LINKRD ANDHERI W MUMBAI 400053,400053,12-02-2025,SHALIMAR MORYA PARK GR AND 1ST Floor OFF NEW LINKRD ANDHERI W MUMBAI 400053
SHOP NO 5 A ROYAL CLASSIC NEAR FAMEAD LAB NEW LINK ROAD,400053,12-02-2025,SHOP NO 5 A ROYAL CLASSIC NEAR FAMEAD LAB NEW LINK ROAD
SHOP NO 5 A ROYAL CLASSIC NEAR FAMEAD LAB NEW LINK ROAD,400053,12-02-2025,SHOP NO 5 A ROYAL CLASSIC NEAR FAMEAD LAB NEW LINK ROAD
723APaathmesh Complex Veera desai Road Ext Andheri West Mumbai CityMumbai,400053,12-02-2025,723APAATHMESH COMPLEX VEERA DESAI ROAD EXT ANDHERI WEST MUMBAI CITYMUMBAI
C 09 S NO 101112 NAYANDEEP CHS LTDOSHIWARA LINK ROAD ANDHERI W,400053,10-02-2025,C 09 S NO 101112 NAYANDEEP CHS LTDOSHIWARA LINK ROAD ANDHERI W
133 S V ROAD IRLA VILLE PARLE MUMBAI CITY,400056,06-02-2025,133 S V ROAD IRLA VILLE PARLE MUMBAI CITY
VILAS BAR ANDRESTAURANT NEWLINK ROAD OPP BELLE VEU NRUSING HOME ANDHERI WEST,400053,22-02-2025,VILAS BAR ANDRESTAURANT NEWLINK ROAD OPP BELLE VEU NRUSING HOME ANDHERI WEST
GROUND FLOOR SHOP NO A 06 AGARWAL MARKET OPP DINANATH NATYGRUH TEJPAL ROAD VILE PARLE MUMBAI,400057,19-02-2025,GROUND FLOOR SHOP NO A 06 AGARWAL MARKET OPP DINANATH NATYGRUH TEJPAL ROAD VILE PARLE MUMBAI
NEHRU ROAD VILE PARLE EAST,400057,25-02-2025,NEHRU ROAD VILE PARLE EAST
NEHRU ROAD VILE PARLE EAST,400057,25-02-2025,NEHRU ROAD VILE PARLE EAST
NEHRU ROAD VILE PARLE EAST,400057,25-02-2025,NEHRU ROAD VILE PARLE EAST
NEHRU ROAD VILE PARLE EAST,400057,25-02-2025,NEHRU ROAD VILE PARLE EAST
NEHRU ROAD VILE PARLE EAST,400057,25-02-2025,NEHRU ROAD VILE PARLE EAST
NEHRU ROAD VILE PARLE EAST,400057,25-02-2025,NEHRU ROAD VILE PARLE EAST
SHOP NO 6 AND 8 KANCHAN PALACE NEAR PARLESHWAR ROAD TEMPLE MAHATMA GANDHI ROAD VILE PARLE EAST,400057,21-02-2025,SHOP NO 6 AND 8 KANCHAN PALACE NEAR PARLESHWAR ROAD TEMPLE MAHATMA GANDHI ROAD VILE PARLE EAST
SHOP NO 14 GROUND FLOOR SHYAMKAMAL C CO OPERATIVE HOUSING SOCIETY AGARWAL MARKET OPP VILEPARLE STATION VILEPARLE EAST,400057,21-02-2025,SHOP NO 14 GROUND FLOOR SHYAMKAMAL C CO OPERATIVE HOUSING SOCIETY AGARWAL MARKET OPP VILEPARLE STATION VILEPARLE EAST
SHETHIA NIWAS M G ROAD VILE PARLE EAST MG ROAD VILEPARLE EAST,400057,21-02-2025,SHETHIA NIWAS M G ROAD VILE PARLE EAST MG ROAD VILEPARLE EAST
A 9 10 AGARWAL MARKET TEJPAL ROAD NEAR RAILWAY STATION VILE PARLE (E) MUMBAI,400057,19-02-2025,A 9 10 AGARWAL MARKET TEJPAL ROAD NEAR RAILWAY STATION VILE PARLE (E) MUMBAI
148 NEHRU ROAD OPP VILE PARLE STATION VILE PARLE EAST,400057,20-02-2025,148 NEHRU ROAD OPP VILE PARLE STATION VILE PARLE EAST
148 NEHRU ROAD VILE PARLE EAST,400057,20-02-2025,148 NEHRU ROAD VILE PARLE EAST
148 NEHRU ROAD VILE PARLE EAST,400057,20-02-2025,148 NEHRU ROAD VILE PARLE EAST
51 A GROUND FLOOR TEJPAL ROAD VILE PARLE EAST,400057,20-02-2025,51 A GROUND FLOOR TEJPAL ROAD VILE PARLE EAST
51 A GROUND FLOOR TEJPAL ROAD VILE PARLE EAST,400057,20-02-2025,51 A GROUND FLOOR TEJPAL ROAD VILE PARLE EAST
51 A GROUND FLOOR TEJPAL ROAD VILE PARLE EAST,400057,20-02-2025,51 A GROUND FLOOR TEJPAL ROAD VILE PARLE EAST
51 A GROUND FLOOR TEJPAL ROAD VILE PARLE EAST,400057,20-02-2025,51 A GROUND FLOOR TEJPAL ROAD VILE PARLE EAST
51 A GROUND FLOOR TEJPAL ROAD VILE PARLE EAST,400057,20-02-2025,51 A GROUND FLOOR TEJPAL ROAD VILE PARLE EAST
O 17 JEEVAN RESTAURANT TEJPAL ROAD V S KHANDEKAR MARG VILEPARLE EAST,400057,21-02-2025,O 17 JEEVAN RESTAURANT TEJPAL ROAD V S KHANDEKAR MARG VILEPARLE EAST
SHOP NO 01 02 KINNARI ELEGANCE MALAVIYA ROAD NEAR POST OFFICE VILEPARLE EAST,400057,21-02-2025,SHOP NO 01 02 KINNARI ELEGANCE MALAVIYA ROAD NEAR POST OFFICE VILEPARLE EAST
SHOP NO 44 SHYAMKAMAL A BLDG AGARWAL MARKET VILEPARLE EAST,400057,21-02-2025,SHOP NO 44 SHYAMKAMAL A Building AGARWAL MARKET VILEPARLE EAST
SHOP NO 5 ALPHA CO OP HSG SOC LTD PARLESHWAR ROAD VILEPARLE EAST,400057,21-02-2025,SHOP NO 5 ALPHA CO OP HSG SOC LTD PARLESHWAR ROAD VILEPARLE EAST
AGARWAL MARKET 27 TE JPAL RD VILE PARLE E AST,400057,21-02-2025,AGARWAL MARKET 27 TE JPAL Road VILE PARLE E AST
SHOP NO 2 3 4 SHYAMKAMAL D AGARWAL MARKET OPP PARLE INTRENATIONAL HOTEL V PARLE EAST MUMBAI,400057,21-02-2025,SHOP NO 2 3 4 SHYAMKAMAL D AGARWAL MARKET OPP PARLE INTRENATIONAL HOTEL V PARLE EAST MUMBAI
SHOP NO 2 GANESH PRASAD M G ROAD VILE PARLE EAST,400057,20-02-2025,SHOP NO 2 GANESH PRASAD M G ROAD VILE PARLE EAST
5 6 7 AND 8 DHARAM PREM APT NEHARU ROAD VILEPARLE EAST,400057,21-02-2025,5 6 7 AND 8 DHARAM PREM Apartment NEHARU ROAD VILEPARLE EAST
5 6 7 AND 8 DHARAM PREM APT NEHARU ROAD VILEPARLE EAST,400057,21-02-2025,5 6 7 AND 8 DHARAM PREM Apartment NEHARU ROAD VILEPARLE EAST
SHOP NO 2A KAMDAR SHOPPING CENTRE TEJPAL ROAD OPP RAILWAY STATION VILE PARLE EAST,400057,19-02-2025,SHOP NO 2A KAMDAR SHOPPING CENTRE TEJPAL ROAD OPP RAILWAY STATION VILE PARLE EAST
SHOP NO 20 21 B AGRAWAL MARKET MONGHIBAI ROAD VILEPARLE EAST,400057,21-02-2025,SHOP NO 20 21 B AGRAWAL MARKET MONGHIBAI ROAD VILEPARLE EAST
GROU ND FLOO RSHOP NO33A44A HANUMAN ROAD M G ROAD OPP CHITAMANI JAIN TEMPLE VILE PARLE EAST M,400057,20-02-2025,GROU ND FLOO RSHOP NO33A44A HANUMAN ROAD M G ROAD OPP CHITAMANI JAIN TEMPLE VILE PARLE EAST M
SHOP NO A 101 1ST SLOOR ANAND AMRUT CO OP HSG LTD TEJPAL ROAD VILE PARLE EAST,400057,19-02-2025,SHOP NO A 101 1ST SLOOR ANAND AMRUT CO OP HSG LTD TEJPAL ROAD VILE PARLE EAST
SHOP NO A 101 1ST SLOOR ANAND AMRUT CO OP HSG LTD TEJPAL ROAD VILE PARLE EAST,400057,19-02-2025,SHOP NO A 101 1ST SLOOR ANAND AMRUT CO OP HSG LTD TEJPAL ROAD VILE PARLE EAST
17 HIRAN CENTRE S V ROAD JITENDRA SHOPING CENTRE NEAR CITI CENTRE GOREGAON WEST MUMBAI,400064,22-02-2025,17 HIRAN CENTRE S V ROAD JITENDRA SHOPING CENTRE NEAR CITI CENTRE GOREGAON WEST MUMBAI
TAXIMEN S SERVIC ES CENTER TAXIMENS SERVICES CENTER GOREGAON 8882378,400097,24-02-2025,TAXIMEN S SERVIC ES CENTER TAXIMENS SERVICES CENTER GOREGAON 8882378
TAXIMEN S SERVIC ES CENTER TAXIMENS SERVICES CENTER GOREGAON 8882378,400097,24-02-2025,TAXIMEN S SERVIC ES CENTER TAXIMENS SERVICES CENTER GOREGAON 8882378
SHOP NO 2 SHATRUNJAY MAHANT ROAD M G ROAD NEAR PARLESHWAR TEMPLE VILE PARLE EAST,400057,18-02-2025,SHOP NO 2 SHATRUNJAY MAHANT ROAD M G ROAD NEAR PARLESHWAR TEMPLE VILE PARLE EAST
SHOP NO2 AND 2 A NARAYAN NIWAS HANUMAN RD VISHNU PRASAD SOCIETY NAVPADA VILE PARLE EAST VILE PARLE MUMBAI MAHARASHTRA 400057,400057,21-02-2025,SHOP NO2 AND 2 A NARAYAN NIWAS HANUMAN Road VISHNU PRASAD SOCIETY NAVPADA VILE PARLE EAST VILE PARLE MUMBAI MAHARASHTRA 400057
2ND FLOOR 18 SULTA NIA HOUSE SUBHASH RD VISHNU PRASAD SOCIETY NAVPADA VILE PARLE EAST VILE PARLE MU,400057,21-02-2025,2ND FLOOR 18 SULTA NIA HOUSE SUBHASH Road VISHNU PRASAD SOCIETY NAVPADA VILE PARLE EAST VILE PARLE MU
NEHRU ROAD VILE PARLE EAST,400057,25-02-2025,NEHRU ROAD VILE PARLE EAST
B 5 AKSHAY APT TEJPAL SCHEME MAIN RD VILE PARLE EAST,400057,21-02-2025,B 5 AKSHAY Apartment TEJPAL SCHEME MAIN Road VILE PARLE EAST
SHOP NO 4 JEEVAN DHARA CHS LTD SHAHAJI RAJE MARG VILE PARLE EAST,400057,20-02-2025,SHOP NO 4 JEEVAN DHARA CHS LTD SHAHAJI RAJE MARG VILE PARLE EAST
SHOP NO 04 SO LUCKY CORNER CO OP SOC MONGHIBAI ROAD VILE PARLE EAST,400057,19-02-2025,SHOP NO 04 SO LUCKY CORNER CO OP SOC MONGHIBAI ROAD VILE PARLE EAST
SHOP NO 4 SO LUCKY MONGHIBAI ROAD OPP RAILWAY STATION VILE PARLE EAST,400057,19-02-2025,SHOP NO 4 SO LUCKY MONGHIBAI ROAD OPP RAILWAY STATION VILE PARLE EAST
SHOP NO 2 MONGIBAI ROAD MOR BUNGALOWS COMPOUND VILEPARLE EAST OPP TREND SETTER SHOP,400057,20-02-2025,SHOP NO 2 MONGIBAI ROAD MOR BUNGALOWS COMPOUND VILEPARLE EAST OPP TREND SETTER SHOP
UNIT NO 5 33 SHYAM KAMAL C CHS LTD AGARWAL MARKET ROAD OPP RAILWAY STATION VILEPARLE EAST NIG NAZAR,400057,19-02-2025,UNIT NO 5 33 SHYAM KAMAL C CHS LTD AGARWAL MARKET ROAD OPP RAILWAY STATION VILEPARLE EAST NIG NAZAR
SHOP NO 01 AND 02 GROUND FLOOR INDULKARCHAWL NO 01 HANUMAN ROAD VILEPARLE EAST VILEPARLE 400057,400057,21-02-2025,SHOP NO 01 AND 02 GROUND FLOOR INDULKARCHAWL NO 01 HANUMAN ROAD VILEPARLE EAST VILEPARLE 400057
SHOP NO 18 SHYAMKAMAL C AGARWARL MARKET NEAR SAHAKARI BAHNDAR VILE PARLE EAST,400057,19-02-2025,SHOP NO 18 SHYAMKAMAL C AGARWARL MARKET NEAR SAHAKARI BAHNDAR VILE PARLE EAST
SHOP NO 24 B WING SHYAMKAMAL CHS LTD AGARWAL MARKET MONGHIAI ROAD VILE PARLE EAST,400057,19-02-2025,SHOP NO 24 B WING SHYAMKAMAL CHS LTD AGARWAL MARKET MONGHIAI ROAD VILE PARLE EAST
CO B G MEDICAL R N 18 FIRST FLOOR MARATHA MANDIRS BABASAHEB GAWDE HOSPITAL M G ROAD,400057,19-02-2025,CO B G MEDICAL R N 18 FIRST FLOOR MARATHA MANDIRS BABASAHEB GAWDE HOSPITAL M G ROAD
SHOP NO 19 D WING SHYAM KAMAL CO OP HOS SOC LTD AGARWAL MARKET VILEPARLE EAST OPP SAHAKARI BHANDAR,400057,19-02-2025,SHOP NO 19 D WING SHYAM KAMAL CO OP HOS SOC LTD AGARWAL MARKET VILEPARLE EAST OPP SAHAKARI BHANDAR
SHOP NO 97 MUNICIPAL MARKET BELOW DINANATH MANGESHKAR HALL TEJPAL ROAD VILE PARLE EAST,400057,19-02-2025,SHOP NO 97 MUNICIPAL MARKET BELOW DINANATH MANGESHKAR HALL TEJPAL ROAD VILE PARLE EAST
4 GALAXY ARCADE 52 M G ROAD VILEPARLE EAST,400057,19-02-2025,4 GALAXY ARCADE 52 M G ROAD VILEPARLE EAST
SHOP NO 5 GALAXY ARCADE 52 M G ROAD VILEPARLE EAST,400057,19-02-2025,SHOP NO 5 GALAXY ARCADE 52 M G ROAD VILEPARLE EAST
SHOP NO 5 GR FLR ANAND BLDG ARUNESHWAR CHS LTD PLOT NO 225 226 OPP SHIV SAGAR HOTEL SHRIDDANAND RD VILE PARLE E,400057,20-02-2025,SHOP NO 5 GR Floor ANAND Building ARUNESHWAR CHS LTD PLOT NO 225 226 OPP SHIV SAGAR HOTEL SHRIDDANAND Road VILE PARLE E
23 C SHYAM KAMAL BUILDING AGARWAL MARKET BEHIND DINANATH MANGESHKAR HALL VILEPARLE EAST,400057,19-02-2025,23 C SHYAM KAMAL BUILDING AGARWAL MARKET BEHIND DINANATH MANGESHKAR HALL VILEPARLE EAST
NAND PREM SHOPPING CENTRE NEHRU ROAD VILE PARLE EAST NEHRU ROAD VILE PARLE EAST,400057,20-02-2025,NAND PREM SHOPPING CENTRE NEHRU ROAD VILE PARLE EAST NEHRU ROAD VILE PARLE EAST
1 NAND PREM SHOPPING CENTRE NEHRU RD VILE PARLE E,400057,20-02-2025,1 NAND PREM SHOPPING CENTRE NEHRU Road VILE PARLE E
SHOP NO 5 A AND 5B GROUND FLOOR KRISHNA COTTAGE BUILDING HANUMAN ROAD VILEPARLE EAST,400057,21-02-2025,SHOP NO 5 A AND 5B GROUND FLOOR KRISHNA COTTAGE BUILDING HANUMAN ROAD VILEPARLE EAST
SHOP NO 5 A AND 5B GROUND FLOOR KRISHNA COTTAGE BUILDING HANUMAN ROAD VILEPARLE EAST,400057,21-02-2025,SHOP NO 5 A AND 5B GROUND FLOOR KRISHNA COTTAGE BUILDING HANUMAN ROAD VILEPARLE EAST
SHOP NO 5 A AND 5B GROUND FLOOR KRISHNA COTTAGE BUILDING HANUMAN ROAD VILEPARLE EAST,400057,21-02-2025,SHOP NO 5 A AND 5B GROUND FLOOR KRISHNA COTTAGE BUILDING HANUMAN ROAD VILEPARLE EAST
SHOP NO 5 A AND 5B GROUND FLOOR KRISHNA COTTAGE BUILDING HANUMAN ROAD VILEPARLE EAST,400057,21-02-2025,SHOP NO 5 A AND 5B GROUND FLOOR KRISHNA COTTAGE BUILDING HANUMAN ROAD VILEPARLE EAST
SHOP NO 7 GROUND FLOOR OM SAI NIWAS CHSL SUBHASH RD OPP RAM MANDIR VILEPARLE EAST,400057,21-02-2025,SHOP NO 7 GROUND FLOOR OM SAI NIWAS CHSL SUBHASH Road OPP RAM MANDIR VILEPARLE EAST
SHOP NO 1 BAROJ SADAN BLDG NEHRU ROAD DIXTI ROAD CORNER VILE PARLE,400057,20-02-2025,SHOP NO 1 BAROJ SADAN Building NEHRU ROAD DIXTI ROAD CORNER VILE PARLE
27 A SHYAM KAMAL TEJPAL RD OPP VILE PARLE E,400057,19-02-2025,27 A SHYAM KAMAL TEJPAL Road OPP VILE PARLE E
28 A AGRAWAL MARKET SHYAM KAMAL CHS LTD OPP RAILWAY STATION,400057,19-02-2025,28 A AGRAWAL MARKET SHYAM KAMAL CHS LTD OPP RAILWAY STATION
SHOP NO 2 KAMABALI WADI TEJPAL ROAD VILEPARLE EAST,400057,21-02-2025,SHOP NO 2 KAMABALI WADI TEJPAL ROAD VILEPARLE EAST
SHOP NO 2 SO LUCKY CORNER MONGIBAI ROA D VILE PARLE EAST,400057,19-02-2025,SHOP NO 2 SO LUCKY CORNER MONGIBAI ROA D VILE PARLE EAST
SHOP NO 8 MOR BUNGALOW COMPOUND MONGHIBAI ROAD VILE PARLE EAST,400057,20-02-2025,SHOP NO 8 MOR BUNGALOW COMPOUND MONGHIBAI ROAD VILE PARLE EAST
SHON NO 8 PRATIK AVENUD NEHRU ROAD VILEPARLE EAST OPP SHIV SAGAR RESTAURANT,400057,20-02-2025,SHON NO 8 PRATIK AVENUD NEHRU ROAD VILEPARLE EAST OPP SHIV SAGAR RESTAURANT
SHOP NO 9 NAROTTAM NIWAS CO OP HSG SOC LTD NEHRU RD VILE PARLE EAST,400057,20-02-2025,SHOP NO 9 NAROTTAM NIWAS CO OP HSG SOC LTD NEHRU Road VILE PARLE EAST
GROUND FLOOR SHOP NO 4 SHOBHA NIWAS TEJPAL ROAD VILEPARLE EAST,400057,20-02-2025,GROUND FLOOR SHOP NO 4 SHOBHA NIWAS TEJPAL ROAD VILEPARLE EAST
SHOP NO 3 SHOBHA NIW AS TEJPAL ROAD VILE PARLE EAST,400057,20-02-2025,SHOP NO 3 SHOBHA NIW AS TEJPAL ROAD VILE PARLE EAST
GROUND FLOOR SHOP NO 2 SAHAJIVAN M G ROAD VILE PARLE EAST,400057,18-02-2025,GROUND FLOOR SHOP NO 2 SAHAJIVAN M G ROAD VILE PARLE EAST
SHOP NO 4 KANCHAN PALACE M G ROAD VILEPARLE EAST,400057,18-02-2025,SHOP NO 4 KANCHAN PALACE M G ROAD VILEPARLE EAST
ZEE NAYAK SHOP NO 5 M G ROAD VILEPARLE EAST,400057,19-02-2025,ZEE NAYAK SHOP NO 5 M G ROAD VILEPARLE EAST
GROUND 6 ZEE NAYAK M G ROAD OPP PRITAM HOTEL VILE PARLE EAST,400057,20-02-2025,GROUND 6 ZEE NAYAK M G ROAD OPP PRITAM HOTEL VILE PARLE EAST
SHOP NO 1 GALAXY ARACDE M G ROAD VILE PARLE EAST,400057,19-02-2025,SHOP NO 1 GALAXY ARACDE M G ROAD VILE PARLE EAST
SHOP NO 2 ZEE NAYAK MAHATMA GANDHI ROAD VILE PARLE EAST 400057,400057,20-02-2025,SHOP NO 2 ZEE NAYAK MAHATMA GANDHI ROAD VILE PARLE EAST 400057
SHOP NO 37A KAMDAR SHOPPING CENTER MONGIBAI ROAD OPP RAILWAY STATION VILE PARLE EAST MUMBAI,400057,19-02-2025,SHOP NO 37A KAMDAR SHOPPING CENTER MONGIBAI ROAD OPP RAILWAY STATION VILE PARLE EAST MUMBAI
SHOP NO 3 TEJPAL SCHEME ROAD NO 3 OM PALACE VILE PARLE EAST,400057,20-02-2025,SHOP NO 3 TEJPAL SCHEME ROAD NO 3 OM PALACE VILE PARLE EAST
SHOP NO 2 & 3 BHAGIRATHI BUILDING SUBHASH ROAD VILE PARLE EAST,400057,20-02-2025,SHOP NO 2 & 3 BHAGIRATHI BUILDING SUBHASH ROAD VILE PARLE EAST
SHOP NO 30 KAMDAR SHOPPING CENTRE MONGHIBAI ROAD NEXT TO BATA VILEPARLE EAST,400057,19-02-2025,SHOP NO 30 KAMDAR SHOPPING CENTRE MONGHIBAI ROAD NEXT TO BATA VILEPARLE EAST
SHOP NO 30 KAMDAR SHOPPING CENTRE MONGHIBAI ROAD NEXT TO BATA VILEPARLE EAST,400057,19-02-2025,SHOP NO 30 KAMDAR SHOPPING CENTRE MONGHIBAI ROAD NEXT TO BATA VILEPARLE EAST
1 VINOD KUNJ M G ROAD NEXT TO BHAGWAN SHOWROOM VILEPARLE EAST,400057,19-02-2025,1 VINOD KUNJ M G ROAD NEXT TO BHAGWAN SHOWROOM VILEPARLE EAST
FLAT NO 11 GROUND FLOOR VIMAL APARTMENT BEHIND BHARAT HINDU HOTEL NEHRU ROAD VILEPARLE EAST,400057,19-02-2025,FLAT NO 11 GROUND FLOOR VIMAL APARTMENT BEHIND BHARAT HINDU HOTEL NEHRU ROAD VILEPARLE EAST
REMI COMMERCIO 810 8TH FLOOR 14 BEHIND YASHRAJ STUDIO SHAH INDUSTRIAL AREA ANDHERI WEST,400057,21-02-2025,REMI COMMERCIO 810 8TH FLOOR 14 BEHIND YASHRAJ STUDIO SHAH INDUSTRIAL AREA ANDHERI WEST
EUROCLEAN DRY CLEANERS SHOP NO 01 VINAYAK KUNJ NEHRU ROAD NEAT TO CAMPUS BAR VILE PARLE EAST,400057,20-02-2025,EUROCLEAN DRY CLEANERS SHOP NO 01 VINAYAK KUNJ NEHRU ROAD NEAT TO CAMPUS BAR VILE PARLE EAST
SHOP NO 3 RELCON BUILDING M G ROAD VILE PARLE EAST OPP MUNICPAL GARDEN,400057,18-02-2025,SHOP NO 3 RELCON BUILDING M G ROAD VILE PARLE EAST OPP MUNICPAL GARDEN
SHOP NO 7 NAND PREM M G ROAD CORNER BEHIND PAYAL MUSIC CENTRE VILEPARLE EAST,400057,19-02-2025,SHOP NO 7 NAND PREM M G ROAD CORNER BEHIND PAYAL MUSIC CENTRE VILEPARLE EAST
GOHIL BROS GROUND FLOOR GAWDE HOSPITAL M G ROAD VILEPARLE EAST,400057,19-02-2025,GOHIL BROS GROUND FLOOR GAWDE HOSPITAL M G ROAD VILEPARLE EAST
SHETHIA NIWAS M G ROAD VILE PARLE EAST MG ROAD VILEPARLE EAST,400057,19-02-2025,SHETHIA NIWAS M G ROAD VILE PARLE EAST MG ROAD VILEPARLE EAST
1 ST FLOOR EVEREST SQUARE NEXT TO SHIV SAGAR RESTUARANT SHRADDHANAND ROAD VILEPARLE EAST ABOVE RBL BANK,400057,19-02-2025,1 ST FLOOR EVEREST SQUARE NEXT TO SHIV SAGAR RESTUARANT SHRADDHANAND ROAD VILEPARLE EAST ABOVE RBL BANK
1 2 3 RAO APT NEHRU ROAD VILE PARLE EAST NEAR OBC PARLE EAST MUMABI,400057,20-02-2025,1 2 3 RAO Apartment NEHRU ROAD VILE PARLE EAST NEAR OBC PARLE EAST MUMABI
BLOCK NO 3 KRISHNABHUVAN 67 NEHRU ROAD VILE PARLE EAST,400057,19-02-2025,BLOCK NO 3 KRISHNABHUVAN 67 NEHRU ROAD VILE PARLE EAST
A 9 10 AGARWAL MARKET TEJPAL ROAD NEAR RAILWAY STATION VILE PARLE (E) MUMBAI,400057,19-02-2025,A 9 10 AGARWAL MARKET TEJPAL ROAD NEAR RAILWAY STATION VILE PARLE (E) MUMBAI
SHOP NO 5 KAMAL KUNJ SUBHASH ROAD NEAR GARWARE CHOWK VILE PARLE EAST,400057,21-02-2025,SHOP NO 5 KAMAL KUNJ SUBHASH ROAD NEAR GARWARE CHOWK VILE PARLE EAST
HOTEL COLUMBUS 344 NANDA PATKAR ROAD VILE PARLE EAST,400057,20-02-2025,HOTEL COLUMBUS 344 NANDA PATKAR ROAD VILE PARLE EAST
JANI VILLA ESTATE JUNCTION OF NEHRU ROAD AND DIXIT ROAD VILE PARLE EAST,400057,20-02-2025,JANI VILLA ESTATE JUNCTION OF NEHRU ROAD AND DIXIT ROAD VILE PARLE EAST
PATEL HOUSE M G ROAD VILE PARLE E,400057,19-02-2025,PATEL HOUSE M G ROAD VILE PARLE E
GROUND FLOOR STALL NO 60 DINANATH MANGESHKAR HALL VILE PARLE EAST BMC MARKET VILE PARLE EAST,400057,19-02-2025,GROUND FLOOR STALL NO 60 DINANATH MANGESHKAR HALL VILE PARLE EAST BMC MARKET VILE PARLE EAST
SHOP NO 1 RAM MILAN CO OPERATIVE HOUSING SOCIETY SUBHASH ROAD VILE PARLE EAST,400057,21-02-2025,SHOP NO 1 RAM MILAN CO OPERATIVE HOUSING SOCIETY SUBHASH ROAD VILE PARLE EAST
D 9 SHYAMKAMAL BUILDING AGARWAL MARKET VILEPARLE EAST OPP PARLE INTERNATIONAL HOTEL,400057,19-02-2025,D 9 SHYAMKAMAL BUILDING AGARWAL MARKET VILEPARLE EAST OPP PARLE INTERNATIONAL HOTEL
SHOP NO 46 SHYAMKAMAL A C R AGARWAL MARKET MONGHIBAI ROAD VILEPARLE E,400057,20-02-2025,SHOP NO 46 SHYAMKAMAL A C R AGARWAL MARKET MONGHIBAI ROAD VILEPARLE E
SHOP NO 46 SHYAMKAMAL A C R AGARWAL MARKET MONGHIBAI ROAD VILEPARLE E,400057,20-02-2025,SHOP NO 46 SHYAMKAMAL A C R AGARWAL MARKET MONGHIBAI ROAD VILEPARLE E
SHOP NO 46 SHYAMKAMAL A C R AGARWAL MARKET MONGHIBAI ROAD VILEPARLE E,400057,20-02-2025,SHOP NO 46 SHYAMKAMAL A C R AGARWAL MARKET MONGHIBAI ROAD VILEPARLE E
SHOP NO 8 GROUND FLOOR DURGA BHUWAN SUBHASH ROAD VILE PARLE EAST OPP VARMA TAILOR,400057,21-02-2025,SHOP NO 8 GROUND FLOOR DURGA BHUWAN SUBHASH ROAD VILE PARLE EAST OPP VARMA TAILOR
SHOP NO 8 GROUND FLOOR DURGA BHUWAN SUBHASH ROAD VILE PARLE EAST OPP VARMA TAILOR,400057,21-02-2025,SHOP NO 8 GROUND FLOOR DURGA BHUWAN SUBHASH ROAD VILE PARLE EAST OPP VARMA TAILOR
106 NEHRU ROAD KAMBLIWADI OPP HDFC BANK VILEPARLE EAST,400057,20-02-2025,106 NEHRU ROAD KAMBLIWADI OPP HDFC BANK VILEPARLE EAST
SHOP NO 1AND 2 SETHIA NIWAS MONGHIBAI ROAD VILE PARLE E MUMBAI 400057,400057,18-02-2025,SHOP NO 1AND 2 SETHIA NIWAS MONGHIBAI ROAD VILE PARLE E MUMBAI 400057
SHOP NO 6 A KASHI BHUVAN SOC ANANT WAMAN VARTAK MARG VILEPARLE EAST,400057,20-02-2025,SHOP NO 6 A KASHI BHUVAN SOC ANANT WAMAN VARTAK MARG VILEPARLE EAST
GROUND FLOOR PLOT N O 2 SHOP NO 18 AGARWAL MARKET MONGHIBAI ROAD VILEPARLE EAST MUMBAI,400057,20-02-2025,GROUND FLOOR PLOT N O 2 SHOP NO 18 AGARWAL MARKET MONGHIBAI ROAD VILEPARLE EAST MUMBAI
SHOP NO 20 21 SHYAMKAMAL B CHS MONGHIBAI ROAD VILEPARLE EAST AGARWAL MARKET,400057,19-02-2025,SHOP NO 20 21 SHYAMKAMAL B CHS MONGHIBAI ROAD VILEPARLE EAST AGARWAL MARKET
SHOP NO 3 HOMAI MAHAL BLDG OPP PRABODHAN THACKARY KRIDA SANKUL SHAHAJI RAJE ROAD VILE PARLE EAST,400057,20-02-2025,SHOP NO 3 HOMAI MAHAL Building OPP PRABODHAN THACKARY KRIDA SANKUL SHAHAJI RAJE ROAD VILE PARLE EAST
D 1 GR FLR NAVASAMAJ SOCIETY GUJRATI SOC RD VILE PARLE E,400057,20-02-2025,D 1 GR Floor NAVASAMAJ SOCIETY GUJRATI SOC Road VILE PARLE E
85C 240 ASHIRWAD VANMALI COMPOUND OPP RAM KIRSHNA HOTEL NEHRU ROAD VILEPARLE EAST,400057,20-02-2025,85C 240 ASHIRWAD VANMALI COMPOUND OPP RAM KIRSHNA HOTEL NEHRU ROAD VILEPARLE EAST
SHOP NO 01 MANI BHAWAN M G ROAD OPP SUNDRA HOTEL VILE PARLE EAST NEAR GAWADE HOSPITAL,400057,19-02-2025,SHOP NO 01 MANI BHAWAN M G ROAD OPP SUNDRA HOTEL VILE PARLE EAST NEAR GAWADE HOSPITAL
11 DHARAM PREM CHS NEHRU ROAD NEXT TO SHIV SAGAR RESTAURANT VILE PARLE EAST MUMBAI,400057,20-02-2025,11 DHARAM PREM CHS NEHRU ROAD NEXT TO SHIV SAGAR RESTAURANT VILE PARLE EAST MUMBAI
11 DHARAM PREM CHS NEHRU ROAD NEXT TO SHIV SAGAR RESTAURANT VILE PARLE EAST MUMBAI,400057,20-02-2025,11 DHARAM PREM CHS NEHRU ROAD NEXT TO SHIV SAGAR RESTAURANT VILE PARLE EAST MUMBAI
GROUND FLOOR PUSHPA GANGA SOCIETY SUBHASH ROAD NAVPADA VILE PARLE EAST,400057,21-02-2025,GROUND FLOOR PUSHPA GANGA SOCIETY SUBHASH ROAD NAVPADA VILE PARLE EAST
105 SHOP NO 1 AMRUT BHAVAN OPP AIRTEL GALLERY NEHRU ROAD VILEPARLE EAST AIRTEL GALLERY,400057,19-02-2025,105 SHOP NO 1 AMRUT BHAVAN OPP AIRTEL GALLERY NEHRU ROAD VILEPARLE EAST AIRTEL GALLERY
42 2 KAMLA BHUVAN M G ROAD OPP BANK OF BARODA VILE PARLE EAST,400057,18-02-2025,42 2 KAMLA BHUVAN M G ROAD OPP BANK OF BARODA VILE PARLE EAST
LAHEJJAT GLOBAL BEUFRAYES PVT LTD A 54 AGRAWAL MARKET MONSIBAI ROAD VILE PARLE EAST OPPOSITE RAILWAY STATION AGARWAL MARKET,400057,19-02-2025,LAHEJJAT GLOBAL BEUFRAYES PVT LTD A 54 AGRAWAL MARKET MONSIBAI ROAD VILE PARLE EAST OPPOSITE RAILWAY STATION AGARWAL MARKET
14 15 SUPER MARKET MONGIBAI RD VILE PARLE EAST,400057,19-02-2025,14 15 SUPER MARKET MONGIBAI Road VILE PARLE EAST
20 21 C SHYAMKAMAL BLDG VILEPARLE EAST,400057,19-02-2025,20 21 C SHYAMKAMAL Building VILEPARLE EAST
GROUND FLOOR 21 C SHYAM KAMAL AGARWAL MARKET VILEPARLE EAST,400057,17-02-2025,GROUND FLOOR 21 C SHYAM KAMAL AGARWAL MARKET VILEPARLE EAST
SHOP NO 2 3 4 SAMKEET BLDG SANT JANABAI ROAD HANUMAN ROAD OPP HANUMAN SOCIETY VILE PARLE EAST OPP HANUMAN SOCIETY,400057,20-02-2025,SHOP NO 2 3 4 SAMKEET Building SANT JANABAI ROAD HANUMAN ROAD OPP HANUMAN SOCIETY VILE PARLE EAST OPP HANUMAN SOCIETY
AGARWAL MARKET GROUND FLOOR SHOP NO 22 SHYAM KAMAL B TEJPAL ROAD VILE PARLE EAST OPP SUPER MARKET,400057,19-02-2025,AGARWAL MARKET GROUND FLOOR SHOP NO 22 SHYAM KAMAL B TEJPAL ROAD VILE PARLE EAST OPP SUPER MARKET
45 A SHYAMKAMAL AGRAWAL MARKET MONGHIBAI ROAD NR RAILWAY STATION VILAPARLE EAST,400057,19-02-2025,45 A SHYAMKAMAL AGRAWAL MARKET MONGHIBAI ROAD NR RAILWAY STATION VILAPARLE EAST
SHOP NO 58 AGARWAL MARKET A MONGIBAI ROAD OPP RAILWAY STATION VILEPARLE EAST,400057,19-02-2025,SHOP NO 58 AGARWAL MARKET A MONGIBAI ROAD OPP RAILWAY STATION VILEPARLE EAST
29 SHYAM KAMAL AGARWAL MARKET VILLE PARLE EAST MUMBAI 400057,400057,17-02-2025,29 SHYAM KAMAL AGARWAL MARKET VILLE PARLE EAST MUMBAI 400057
GROUND FLOOR SHOP NO 1 A SHYAMKAMAL D CHSL K EAST AGRAWAL MARKET VIEEPARLE EAS,400057,19-02-2025,GROUND FLOOR SHOP NO 1 A SHYAMKAMAL D CHSL K EAST AGRAWAL MARKET VIEEPARLE EAS
14 D WING SHYAM KAMAL AGARWAL MARKET VILE PARLE EAST,400057,19-02-2025,14 D WING SHYAM KAMAL AGARWAL MARKET VILE PARLE EAST
16 22 SAGAR ARCADE MONGHIBAI RD VILE PARLE E,400057,19-02-2025,16 22 SAGAR ARCADE MONGHIBAI Road VILE PARLE E
SHOP NO 6 NAND PREM M G ROAD VILE PRALE EAST,400057,19-02-2025,SHOP NO 6 NAND PREM M G ROAD VILE PRALE EAST
SHOP NO 5 NIRMAL MILAN CHS NEHRU ROAD OPP SAURASHTRA FARSAN VILE PARLE EAST,400057,20-02-2025,SHOP NO 5 NIRMAL MILAN CHS NEHRU ROAD OPP SAURASHTRA FARSAN VILE PARLE EAST
SHOP NO 6 RATILAL THAKARSHI S R A C H S LTD OPP HANUMAAN MANDIR KUNKUWADI PHIROSA MEHATA ROAD VILE PARLE EAST,400057,20-02-2025,SHOP NO 6 RATILAL THAKARSHI S R A C H S LTD OPP HANUMAAN MANDIR KUNKUWADI PHIROSA MEHATA ROAD VILE PARLE EAST
9 B SHYAM KAMAL AGRAWAL MARKET VILE PARLE EAST,400057,19-02-2025,9 B SHYAM KAMAL AGRAWAL MARKET VILE PARLE EAST
SHOP NO B 31 SHYAMKAMAL AGARWAL MARKET TEJPAL ROAD VILEPARLE EAST,400057,19-02-2025,SHOP NO B 31 SHYAMKAMAL AGARWAL MARKET TEJPAL ROAD VILEPARLE EAST
GROUND FLOOR SHOP NO 4 DEEPTI CHS SHRADHANAND ROAD VILE PARLE EAST,400057,20-02-2025,GROUND FLOOR SHOP NO 4 DEEPTI CHS SHRADHANAND ROAD VILE PARLE EAST
HOTEL FREEDOM STAR 5TH FLOOR EVEREST SQUARE SHRADDHAND ROAD NEXT TO SHIV SAGAR NAVPADA VEILE PARLE MUMBAI,400057,19-02-2025,HOTEL FREEDOM STAR 5TH FLOOR EVEREST SQUARE SHRADDHAND ROAD NEXT TO SHIV SAGAR NAVPADA VEILE PARLE MUMBAI
SHOP NO 1 2 3 GROUND FLOOR SHARDA BHAVAN OPP AADARSH PETROL PUM VILEPARLE EAST,400057,20-02-2025,SHOP NO 1 2 3 GROUND FLOOR SHARDA BHAVAN OPP AADARSH PETROL PUM VILEPARLE EAST
SHOP NO 1 2 3 GROUND FLOOR SHARDA BHAVAN OPP AADARSH PETROL PUM VILEPARLE EAST,400057,20-02-2025,SHOP NO 1 2 3 GROUND FLOOR SHARDA BHAVAN OPP AADARSH PETROL PUM VILEPARLE EAST
1 B SHYAMKAMAL D AGARWAL MARKET WILE PARLE EAST,400057,19-02-2025,1 B SHYAMKAMAL D AGARWAL MARKET WILE PARLE EAST
SHOP NO 36 37 SHYAMKAMAL BLDG C WING AGARWAL MARKET VILE PARLE EAST,400057,19-02-2025,SHOP NO 36 37 SHYAMKAMAL Building C WING AGARWAL MARKET VILE PARLE EAST
SHOP NO 17 AGRAWAL MARKET B WING VILE PARLE EAST SHYAM KAMAL BLDG,400057,19-02-2025,SHOP NO 17 AGRAWAL MARKET B WING VILE PARLE EAST SHYAM KAMAL Building
ADITYA CO OP HSG SOC LTD SHOP NO 1 2 3 PARLESHWAR ROAD PARLESHWAR GANESH MANDIR VILE PARLE EAST OPP PARLESHWAR GANESH MANDIR,400057,21-02-2025,ADITYA CO OP HSG SOC LTD SHOP NO 1 2 3 PARLESHWAR ROAD PARLESHWAR GANESH MANDIR VILE PARLE EAST OPP PARLESHWAR GANESH MANDIR
ADITYA CO OP HSG SOC LTD SHOP NO 1 2 3 PARLESHWAR ROAD PARLESHWAR GANESH MANDIR VILE PARLE EAST OPP PARLESHWAR GANESH MANDIR,400057,21-02-2025,ADITYA CO OP HSG SOC LTD SHOP NO 1 2 3 PARLESHWAR ROAD PARLESHWAR GANESH MANDIR VILE PARLE EAST OPP PARLESHWAR GANESH MANDIR
SHOP NO 1 KAMBLI WADI TEJPAL ROAD VILE PARLE EAST OPP RAILWAY STATION,400057,21-02-2025,SHOP NO 1 KAMBLI WADI TEJPAL ROAD VILE PARLE EAST OPP RAILWAY STATION
5 SAGAR COMPLEX NG ROAD OPP RAM MANDIR VILE PARLE E MUMBAI,400057,18-02-2025,5 SAGAR COMPLEX NG ROAD OPP RAM MANDIR VILE PARLE E MUMBAI
25C SHYAM KAMAL AGRAWAL MAKET VILE PARLE E,400057,19-02-2025,25C SHYAM KAMAL AGRAWAL MAKET VILE PARLE E
SHOP NO 15A 15B SHYAM KAMAL D CHS LTD AGARWAL MARKET VILEPARLE EAST,400057,19-02-2025,SHOP NO 15A 15B SHYAM KAMAL D CHS LTD AGARWAL MARKET VILEPARLE EAST
SHOP NO 9 10 SUPER MARKET MONGHIBAI ROAD VILE PARLE EAST,400057,19-02-2025,SHOP NO 9 10 SUPER MARKET MONGHIBAI ROAD VILE PARLE EAST
123 GOKUL ARCADE A SWAMI NITYANAND MARG NEXT TO GARWARE HOUSE VILE PARLE EAST,400057,21-02-2025,123 GOKUL ARCADE A SWAMI NITYANAND MARG NEXT TO GARWARE HOUSE VILE PARLE EAST
SHOP NO 5 GUJRATHI SOCIETY HRU ROAD VILE PARLE EAST,400057,20-02-2025,SHOP NO 5 GUJRATHI SOCIETY HRU ROAD VILE PARLE EAST
SHOP NO 5 GUJRATHI SOCIETY HRU ROAD VILE PARLE EAST,400057,20-02-2025,SHOP NO 5 GUJRATHI SOCIETY HRU ROAD VILE PARLE EAST
GR FLOOR B 4 SHYAMKAMAL AGARWAL MARKET TEJPAL ROAD VILE PARLE EAST LANDMARK OPP CRUCY MUNCY HOTEL,400057,20-02-2025,GR FLOOR B 4 SHYAMKAMAL AGARWAL MARKET TEJPAL ROAD VILE PARLE EAST LANDMARK OPP CRUCY MUNCY HOTEL
32 C SHYAM KAMAL AGARWAL MARKET VILEPARLE EAST,400057,19-02-2025,32 C SHYAM KAMAL AGARWAL MARKET VILEPARLE EAST
10 NEHRU ROAD OPP HDFC BANK VILLE PARLE EAST,400057,20-02-2025,10 NEHRU ROAD OPP HDFC BANK VILLE PARLE EAST
SHOP NO 2 3 4 SHYAMKAMAL D AGARWAL MARKET OPP PARLE INTRENATIONAL HOTEL V PARLE EAST MUMBAI,400057,21-02-2025,SHOP NO 2 3 4 SHYAMKAMAL D AGARWAL MARKET OPP PARLE INTRENATIONAL HOTEL V PARLE EAST MUMBAI
4 25 A SHYAMKAMAL AGRAWAL MARKET OPP RLY STATION VILE PARLE E VILE PARLE E,400057,20-02-2025,4 25 A SHYAMKAMAL AGRAWAL MARKET OPP RLY STATION VILE PARLE E VILE PARLE E
